employee_id,full_name,email_address,salary,job_title
1,Jane Doe,ur495lfz@datafactory.io,87979.68,DevOps Engineer
2,David Mansour,yfm2e9fn@datafactory.io,89911.0,IT Manager
3,Fatima Taylor,wy20mbi9@datafactory.io,100000.0,Product Manager
4,Michael Jackson,s9joq71s@datafactory.io,82429.61,IT Manager
5,Emma Doe,9hd57i3l@example.com,100000.0,IT Manager
6,Amir Miller,rqpt0rnd@gmail.com,91329.36,Data Scientist
7,Layla Thomas,d0w3gfuu@outlook.com,100000.0,Product Manager
8,Layla Al-Farsi,uy02j8fr@datafactory.io,100000.0,Product Manager
9,Sarah Johnson,y6uzcbux@solix-agent.ai,83733.7,Product Manager
10,Grace Brown,nq23s7ds@solix-agent.ai,100000.0,IT Manager
11,Frank Wilson,tn1jyp2b@outlook.com,65869.55,DevOps Engineer
12,Omar Smith,kjiu0huf@yahoo.com,100000.0,Product Manager
13,David Kamel,siebkvw7@gmail.com,92082.19,IT Manager
14,Amir Wilson,ez8puqka@yahoo.com,100000.0,Data Scientist
15,Grace Smith,tq4emrmv@outlook.com,97028.55,DevOps Engineer
16,Mariam Taylor,c45ubjzv@datafactory.io,71229.24,Data Scientist
17,Bob Taylor,d064ty5y@gmail.com,82061.5,DevOps Engineer
18,Layla Taylor,fxmlspge@yahoo.com,88340.51,IT Manager
19,Michael Mansour,9sbd6073@example.com,89564.17,Software Engineer
20,Fatima Doe,4jw1ampn@yahoo.com,76447.28,DevOps Engineer
21,Amir Anderson,z3z0u51v@yahoo.com,81253.66,Data Scientist
22,Sarah Johnson,57k28ti7@outlook.com,90635.28,IT Manager
23,John Thomas,vik8ttd9@datafactory.io,58592.42,DevOps Engineer
24,John Kamel,tq261tbu@example.com,73948.29,Software Engineer
25,Grace Smith,8ggl7e6m@datafactory.io,85508.38,Software Engineer
26,Fatima Davis,94ty24fd@datafactory.io,74014.39,Product Manager
27,Michael Miller,i9ff457v@yahoo.com,74018.89,Product Manager
28,Frank Taylor,y94ta4p8@yahoo.com,76423.01,Data Scientist
29,Michael Mansour,sjybjxsp@datafactory.io,60814.34,DevOps Engineer
30,Charlie Kamel,02hllz4l@datafactory.io,74193.78,DevOps Engineer
31,Amir Thomas,okltvypn@example.com,84192.57,Product Manager
32,Charlie Smith,o5g5ucxt@example.com,60333.36,DevOps Engineer
33,Fatima Kamel,2nhdnbni@example.com,100000.0,DevOps Engineer
34,Jane Doe,z0i8n4g0@outlook.com,81383.93,Software Engineer
35,Alice Jackson,rumkvy7m@yahoo.com,98212.32,Product Manager
36,Layla Hassan,70oeba7s@solix-agent.ai,100000.0,IT Manager
37,Bob Brown,genxn2cm@example.com,100000.0,Product Manager
38,Youssef Davis,d40roajg@datafactory.io,97509.4,IT Manager
39,Henry Davis,q9qmhyia@datafactory.io,82591.91,Software Engineer
40,Mariam Anderson,7dqig2zk@datafactory.io,100000.0,Data Scientist
41,Alice Al-Farsi,7oii5qta@outlook.com,73554.33,DevOps Engineer
42,Alice Al-Farsi,estccijc@outlook.com,57514.46,Software Engineer
43,Grace Kamel,4z3l6f1b@solix-agent.ai,64948.69,DevOps Engineer
44,Jane Doe,jlmxoio9@solix-agent.ai,100000.0,Data Scientist
45,Fatima Al-Farsi,do736vvc@solix-agent.ai,64426.22,Data Scientist
46,Mariam Smith,n9s34a82@solix-agent.ai,76725.92,Software Engineer
47,Omar Mansour,eusoecet@yahoo.com,98593.16,Data Scientist
48,Bob Thomas,b45wmrkf@gmail.com,100000.0,IT Manager
49,Amir Al-Farsi,rq050081@outlook.com,100000.0,Data Scientist
50,Sarah Miller,knrptklk@solix-agent.ai,76287.36,DevOps Engineer
51,Frank Mansour,yjfu3msw@outlook.com,88803.41,DevOps Engineer
52,Youssef Wilson,qkkokjvg@outlook.com,59260.1,DevOps Engineer
53,Fatima Wilson,k1k6fphd@solix-agent.ai,59899.78,DevOps Engineer
54,Henry Taylor,xpzd4f97@outlook.com,98797.77,IT Manager
55,Amir Mansour,jrosfiva@outlook.com,100000.0,Product Manager
56,Alice Johnson,9g3wyro1@outlook.com,74374.96,Software Engineer
57,Grace Brown,s98rd3fk@solix-agent.ai,58194.38,DevOps Engineer
58,Michael Al-Farsi,i8i8nvmg@outlook.com,77539.84,Data Scientist
59,Mariam Mansour,i7k35sox@datafactory.io,89341.86,DevOps Engineer
60,Michael Wilson,xvn24upq@outlook.com,100000.0,Data Scientist
61,Frank Mansour,rbt02mzk@gmail.com,100000.0,Data Scientist
62,Alice Miller,9i98x51z@gmail.com,76067.39,DevOps Engineer
63,Bob Wilson,2dkh494r@yahoo.com,100000.0,IT Manager
64,Michael Mansour,29jumkuw@gmail.com,63603.09,Data Scientist
65,David Hassan,3c2f2v97@yahoo.com,100000.0,Data Scientist
66,Grace Jackson,eug5vfls@yahoo.com,79724.3,DevOps Engineer
67,Jane Jackson,9u463ydb@datafactory.io,74175.17,Data Scientist
68,Frank Johnson,taoo3j6v@example.com,100000.0,Data Scientist
69,Alice Hassan,4xqnrygd@example.com,91942.55,DevOps Engineer
70,Sarah Al-Farsi,b395gjyk@gmail.com,87002.55,DevOps Engineer
71,Charlie Wilson,3optli8s@yahoo.com,64062.61,Software Engineer
72,Omar Anderson,gxbyzl1v@example.com,87802.56,IT Manager
73,Michael Jackson,bn82i0ch@yahoo.com,100000.0,IT Manager
74,Fatima Smith,ha6jmt13@example.com,100000.0,Data Scientist
75,Fatima Thomas,msfq7t1g@outlook.com,78753.46,IT Manager
76,Mariam Jackson,3e9zq7rc@yahoo.com,100000.0,Data Scientist
77,Amir Brown,ba3l3gem@datafactory.io,85440.93,Software Engineer
78,Michael Anderson,9bcvl19x@gmail.com,78292.03,DevOps Engineer
79,John Jackson,2gob3sr2@gmail.com,93402.12,DevOps Engineer
80,Emma Thomas,fqcw0qw9@example.com,64336.3,DevOps Engineer
81,Omar Anderson,zhnir6z2@solix-agent.ai,100000.0,IT Manager
82,Sarah Al-Farsi,ic00iedc@solix-agent.ai,90616.08,Software Engineer
83,Frank Brown,65bvtw6x@solix-agent.ai,95755.1,IT Manager
84,Jane Smith,q9igj1m2@yahoo.com,100000.0,IT Manager
85,Jane Al-Farsi,z9n01ims@datafactory.io,82585.28,Software Engineer
86,Henry Doe,hapvqkh0@solix-agent.ai,65846.28,Software Engineer
87,John Thomas,oyneu26b@gmail.com,58141.43,Software Engineer
88,Layla Thomas,qdp4venu@yahoo.com,87529.48,Software Engineer
89,John Kamel,p77824g1@yahoo.com,68671.2,DevOps Engineer
90,Omar Johnson,2wznzb15@solix-agent.ai,94755.98,Product Manager
91,Layla Brown,ardcww49@solix-agent.ai,87541.02,Product Manager
92,Amir Hassan,ehl1pw4v@solix-agent.ai,88218.88,Software Engineer
93,Frank Smith,tnkgiong@datafactory.io,100000.0,Product Manager
94,Michael Kamel,fu0bwro2@example.com,86766.83,Product Manager
95,Fatima Mansour,amyd9awd@gmail.com,47358.23,Software Engineer
96,Grace Al-Farsi,d3ykl5mn@solix-agent.ai,100000.0,Product Manager
97,Omar Kamel,ri7s4zee@outlook.com,100000.0,IT Manager
98,Grace Wilson,vawmy971@solix-agent.ai,96501.71,Data Scientist
99,Bob Anderson,7rx5fwju@example.com,100000.0,Data Scientist
100,Omar Davis,b0wwtg57@example.com,87756.43,Software Engineer
101,Henry Jackson,opfn3eye@example.com,74849.28,DevOps Engineer
102,Fatima Hassan,lotzbjfu@gmail.com,94826.32,Software Engineer
103,David Thomas,olenese9@outlook.com,67876.43,DevOps Engineer
104,Henry Wilson,twuhktph@outlook.com,100000.0,Data Scientist
105,Emma Miller,82b6si9w@outlook.com,75873.83,Software Engineer
106,David Brown,fzufncfp@outlook.com,100000.0,IT Manager
107,Henry Kamel,ap5w5w0u@outlook.com,83709.23,Product Manager
108,Bob Johnson,z0pgybl9@yahoo.com,76146.7,DevOps Engineer
109,Amir Jackson,x2l61g3r@solix-agent.ai,100000.0,Product Manager
110,Omar Anderson,3xlaxall@yahoo.com,100000.0,Product Manager
111,Sarah Al-Farsi,itrtwhjc@solix-agent.ai,72800.09,Software Engineer
112,Sarah Brown,0upu2i17@yahoo.com,80980.04,Product Manager
113,John Smith,5pzdy4cn@datafactory.io,100000.0,IT Manager
114,David Mansour,mhs8v3g8@example.com,79719.39,Product Manager
115,Frank Hassan,abzcqrz9@outlook.com,66402.14,Software Engineer
116,David Jackson,5r9rvanu@gmail.com,100000.0,IT Manager
117,Emma Miller,a6pvi1pm@datafactory.io,70246.58,Data Scientist
118,Omar Al-Farsi,62xbgis5@outlook.com,100000.0,Product Manager
119,Omar Thomas,07q5sg0d@datafactory.io,48606.35,Software Engineer
120,Michael Al-Farsi,t74zp4vt@datafactory.io,92113.09,Data Scientist
121,Omar Thomas,iivmnioq@gmail.com,61436.98,Data Scientist
122,Frank Taylor,e0sl2003@gmail.com,96538.52,DevOps Engineer
123,Youssef Smith,rtskrd9d@gmail.com,100000.0,IT Manager
124,Sarah Taylor,7m9ffak3@datafactory.io,100000.0,Product Manager
125,Amir Johnson,uls6ff9s@datafactory.io,58286.96,Software Engineer
126,Grace Al-Farsi,xeirrb7u@gmail.com,66040.92,DevOps Engineer
127,Charlie Thomas,9c5bxgo9@solix-agent.ai,100000.0,IT Manager
128,Omar Mansour,zij5eyip@datafactory.io,63405.43,DevOps Engineer
129,Youssef Johnson,l0pok3fy@gmail.com,100000.0,IT Manager
130,Amir Miller,dnor1mna@outlook.com,100000.0,IT Manager
131,Mariam Miller,89j001j1@solix-agent.ai,84534.54,Product Manager
132,Jane Al-Farsi,2afq2qzj@solix-agent.ai,100000.0,IT Manager
133,Emma Jackson,8029hl2e@example.com,84771.89,DevOps Engineer
134,Amir Thomas,hbmpdgme@example.com,100000.0,IT Manager
135,Youssef Taylor,2yolvrdy@gmail.com,100000.0,Product Manager
136,Henry Thomas,fonem7gv@outlook.com,73465.39,Product Manager
137,Fatima Doe,tfw8b4t9@gmail.com,97728.81,DevOps Engineer
138,Bob Thomas,0qktsr5i@gmail.com,80971.3,Data Scientist
139,Michael Doe,1kgmvp93@gmail.com,73116.28,Data Scientist
140,Emma Wilson,s5d8e8xl@datafactory.io,100000.0,IT Manager
141,Henry Kamel,277x1gaa@example.com,79783.96,Software Engineer
142,Charlie Taylor,1kq6c5uo@solix-agent.ai,76236.45,IT Manager
143,Mariam Mansour,tpyzqs0v@datafactory.io,71795.03,DevOps Engineer
144,Sarah Al-Farsi,4yojjpqj@solix-agent.ai,75162.06,DevOps Engineer
145,Charlie Kamel,uqwxs3ix@gmail.com,51021.19,DevOps Engineer
146,John Brown,3ifbhkwf@datafactory.io,47314.13,DevOps Engineer
147,Alice Davis,58i3z295@datafactory.io,99260.78,DevOps Engineer
148,David Smith,u88ss1q8@example.com,100000.0,Product Manager
149,Michael Mansour,8ehskmp1@datafactory.io,74334.64,Data Scientist
150,Mariam Thomas,vin7kx4h@yahoo.com,96144.86,DevOps Engineer
151,Mariam Jackson,ik10mqqb@example.com,47174.22,Software Engineer
152,Layla Johnson,ww3984o1@gmail.com,65683.84,Software Engineer
153,Fatima Wilson,xk012290@gmail.com,60934.82,Software Engineer
154,David Taylor,s5ttxucq@gmail.com,73004.78,Software Engineer
155,David Miller,f6352n14@yahoo.com,100000.0,Product Manager
156,Fatima Wilson,88uk67y7@outlook.com,92928.89,Software Engineer
157,Sarah Jackson,77n09toq@gmail.com,54721.53,DevOps Engineer
158,Jane Mansour,114et925@gmail.com,100000.0,IT Manager
159,David Doe,db1vm84p@solix-agent.ai,59463.93,Software Engineer
160,Layla Jackson,qcclgvqy@datafactory.io,91049.24,Product Manager
161,Layla Doe,hnbi3qzr@outlook.com,100000.0,Product Manager
162,Sarah Anderson,0pvp3gtl@example.com,65714.96,Software Engineer
163,Sarah Smith,dxhkbndi@example.com,100000.0,IT Manager
164,Mariam Johnson,uv3suv3r@gmail.com,75484.16,Software Engineer
165,Layla Kamel,1uuumm8p@yahoo.com,100000.0,Product Manager
166,Youssef Smith,8x6i9l79@yahoo.com,62492.04,Data Scientist
167,Emma Wilson,0p69doh7@outlook.com,97724.69,DevOps Engineer
168,Sarah Miller,7blltxf0@solix-agent.ai,82716.85,Product Manager
169,David Anderson,ioa9u7hi@solix-agent.ai,55967.52,Software Engineer
170,Bob Taylor,ac8ijj1l@outlook.com,88180.62,DevOps Engineer
171,Emma Miller,9noam0wf@datafactory.io,62668.41,Software Engineer
172,David Brown,k4gi60xd@yahoo.com,66690.94,Software Engineer
173,Henry Wilson,7t0o1cwg@gmail.com,95149.39,Data Scientist
174,Mariam Smith,dvcwpo3t@gmail.com,96636.02,DevOps Engineer
175,Fatima Johnson,oziyxa1f@example.com,67650.56,DevOps Engineer
176,Grace Taylor,71pjn3ep@datafactory.io,74348.48,Data Scientist
177,Henry Brown,cw98k7zz@gmail.com,100000.0,Product Manager
178,Mariam Kamel,b38vdnqp@example.com,49362.83,Software Engineer
179,Bob Wilson,5nroyaak@outlook.com,93739.0,IT Manager
180,Emma Mansour,zydymhhu@gmail.com,50272.57,Software Engineer
181,Layla Doe,fsg6w197@outlook.com,72266.86,Software Engineer
182,Amir Mansour,uq1jboy7@yahoo.com,94381.83,Product Manager
183,Youssef Doe,2b5lhyfy@outlook.com,58681.36,Software Engineer
184,David Kamel,8erevwwl@yahoo.com,100000.0,Data Scientist
185,Mariam Mansour,23b9hzwf@datafactory.io,59594.86,Data Scientist
186,Charlie Thomas,sjpghv56@solix-agent.ai,74150.56,DevOps Engineer
187,Grace Doe,u46uic42@outlook.com,100000.0,IT Manager
188,Michael Smith,n9fki0s0@example.com,92337.02,Software Engineer
189,Mariam Mansour,zvt2v30r@gmail.com,59416.65,Software Engineer
190,John Jackson,bn7brovq@yahoo.com,100000.0,Product Manager
191,Omar Hassan,hbvd3qwz@example.com,77908.6,Data Scientist
192,Frank Miller,tghjhzhb@outlook.com,97530.89,IT Manager
193,Michael Hassan,v51k0x25@yahoo.com,77880.3,DevOps Engineer
194,Layla Smith,3p4d7vmd@example.com,85139.43,Data Scientist
195,John Thomas,a0g1y0vb@outlook.com,80870.94,DevOps Engineer
196,Bob Thomas,a0ou224f@yahoo.com,84228.0,Product Manager
197,Grace Taylor,3dr18zxj@yahoo.com,77425.59,Product Manager
198,Grace Kamel,hcwpuany@example.com,58616.78,Software Engineer
199,Emma Mansour,d4aup457@outlook.com,100000.0,IT Manager
200,Grace Taylor,3yq26knh@outlook.com,65803.98,DevOps Engineer
201,Alice Al-Farsi,5dierg8b@solix-agent.ai,87721.5,Data Scientist
202,Layla Smith,t5cmlrvn@yahoo.com,66819.39,Product Manager
203,Charlie Kamel,q31ktncd@solix-agent.ai,78386.34,Software Engineer
204,Mariam Johnson,tyl6utxf@yahoo.com,60811.26,Software Engineer
205,Frank Davis,1q5cm9w6@solix-agent.ai,56452.78,DevOps Engineer
206,Omar Johnson,cly5iulk@datafactory.io,100000.0,Product Manager
207,Frank Doe,v2s51b25@datafactory.io,85852.87,IT Manager
208,Omar Doe,i2lsrl1b@yahoo.com,98985.96,Product Manager
209,Henry Johnson,nfck3udt@datafactory.io,65627.03,DevOps Engineer
210,Fatima Davis,kpxvskfb@datafactory.io,82714.67,DevOps Engineer
211,David Davis,ogypepjw@solix-agent.ai,100000.0,Product Manager
212,Amir Doe,l3qyibk9@outlook.com,59316.76,DevOps Engineer
213,Charlie Jackson,6e20f0ne@solix-agent.ai,99005.95,Product Manager
214,Amir Smith,y802g6dp@outlook.com,84061.02,Data Scientist
215,David Smith,7wp2dk0e@gmail.com,100000.0,Product Manager
216,Sarah Anderson,ly12jtn3@datafactory.io,79869.76,Product Manager
217,Layla Kamel,x0mlju3c@gmail.com,83845.4,DevOps Engineer
218,Amir Doe,45m2w426@outlook.com,90830.09,DevOps Engineer
219,Amir Al-Farsi,id6cmlaj@gmail.com,80957.04,Software Engineer
220,Sarah Smith,i10t8enj@example.com,56732.25,Software Engineer
221,Michael Davis,eucdnb4q@example.com,90392.17,Data Scientist
222,David Brown,n4u2q04t@outlook.com,100000.0,Software Engineer
223,Jane Brown,pamukt6y@example.com,100000.0,Product Manager
224,Youssef Miller,uiz1ofbi@outlook.com,55466.58,DevOps Engineer
225,Youssef Thomas,igjbowam@example.com,53814.72,Software Engineer
226,Henry Hassan,wdwd0iwy@solix-agent.ai,72327.19,Software Engineer
227,Mariam Jackson,4n8j62pu@datafactory.io,100000.0,Data Scientist
228,Alice Miller,vi0c15zi@example.com,83601.77,Data Scientist
229,Layla Hassan,8m8kcmjt@gmail.com,100000.0,Product Manager
230,Sarah Davis,0a9wm0d2@yahoo.com,81926.37,DevOps Engineer
231,Layla Miller,zdxgztn8@gmail.com,81014.46,Data Scientist
232,Omar Anderson,nx8ocw6w@outlook.com,58814.23,Software Engineer
233,Bob Smith,7z6loxop@yahoo.com,72732.15,DevOps Engineer
234,Mariam Jackson,j2todt19@gmail.com,100000.0,DevOps Engineer
235,David Miller,mrdizbj6@outlook.com,90214.25,Software Engineer
236,Jane Kamel,02uac08o@solix-agent.ai,65483.91,Data Scientist
237,Emma Smith,gtqw7kdv@solix-agent.ai,72511.46,Software Engineer
238,David Wilson,i4k57oy4@datafactory.io,58739.96,DevOps Engineer
239,Frank Hassan,qnu2mcfc@gmail.com,100000.0,IT Manager
240,Layla Taylor,ekka9sit@solix-agent.ai,100000.0,IT Manager
241,Youssef Brown,lb5dxr2f@solix-agent.ai,100000.0,Product Manager
242,Layla Jackson,ki81xuwu@gmail.com,71797.16,Software Engineer
243,Sarah Mansour,8z9bd8xp@example.com,47907.45,Software Engineer
244,Layla Davis,zop6jpwz@outlook.com,100000.0,Product Manager
245,Frank Kamel,f7u2hajq@gmail.com,100000.0,Product Manager
246,David Taylor,kbn41t0w@gmail.com,100000.0,Product Manager
247,Henry Doe,7ypau8yy@example.com,86289.27,DevOps Engineer
248,Youssef Anderson,xgmky4lo@datafactory.io,87059.52,Software Engineer
249,Layla Miller,fvqx5sq7@example.com,92316.98,DevOps Engineer
250,Grace Davis,q50zkzmh@outlook.com,80136.55,Product Manager
251,Mariam Brown,oo12xp4v@solix-agent.ai,53084.26,Software Engineer
252,Youssef Smith,wwoadgjg@example.com,99649.18,DevOps Engineer
253,Frank Taylor,wol9j9cr@yahoo.com,84810.44,DevOps Engineer
254,Frank Kamel,dp20pnk1@example.com,76880.22,Product Manager
255,Charlie Al-Farsi,aqehcbl1@example.com,91859.1,Software Engineer
256,Amir Johnson,rmw3yeg3@example.com,100000.0,Product Manager
257,Bob Wilson,2lrdpz5r@example.com,61103.75,Software Engineer
258,Jane Wilson,q32wpjvf@datafactory.io,100000.0,IT Manager
259,Fatima Miller,xyodp45k@yahoo.com,100000.0,Data Scientist
260,Emma Kamel,ms2v6op8@example.com,59297.64,Data Scientist
261,Bob Davis,5glu6ces@example.com,100000.0,Data Scientist
262,Layla Doe,gmhwsway@example.com,100000.0,Product Manager
263,Emma Brown,9r56juu7@gmail.com,100000.0,IT Manager
264,Charlie Doe,se2w82rr@outlook.com,64215.5,Software Engineer
265,Mariam Taylor,sl0308cp@example.com,72340.15,DevOps Engineer
266,Mariam Brown,pi3amdcm@example.com,57161.38,Software Engineer
267,Layla Davis,ok6glljy@solix-agent.ai,89388.7,DevOps Engineer
268,Mariam Taylor,19kkdsu1@solix-agent.ai,68292.34,Software Engineer
269,John Anderson,if47jku1@outlook.com,100000.0,IT Manager
270,Jane Jackson,uxo33n0t@outlook.com,91061.61,DevOps Engineer
271,Mariam Hassan,mrgdzimy@outlook.com,100000.0,Product Manager
272,Alice Miller,78d1sr9y@outlook.com,72479.31,Software Engineer
273,Jane Johnson,vpe6ky8r@gmail.com,47631.83,Software Engineer
274,Amir Wilson,k81dvz3s@gmail.com,78153.56,DevOps Engineer
275,Mariam Johnson,8gx4qw0f@example.com,100000.0,Product Manager
276,Omar Smith,k8h6nnip@solix-agent.ai,79772.16,Product Manager
277,Charlie Mansour,byy5mquh@solix-agent.ai,100000.0,IT Manager
278,Bob Johnson,bcejop2i@outlook.com,75677.03,Product Manager
279,Omar Jackson,c86lr28r@datafactory.io,100000.0,Product Manager
280,Alice Kamel,pbn3kbfm@datafactory.io,91206.3,Product Manager
281,Layla Doe,2iqaqxk1@solix-agent.ai,94523.74,Data Scientist
282,David Smith,5zabgbqi@datafactory.io,94813.34,IT Manager
283,John Thomas,k5h54umd@solix-agent.ai,87106.9,Software Engineer
284,Omar Thomas,9bhcvlb2@example.com,63974.0,DevOps Engineer
285,Henry Taylor,4sjw5uoh@yahoo.com,73123.11,Software Engineer
286,Charlie Mansour,y00ev9ol@yahoo.com,100000.0,IT Manager
287,Mariam Jackson,yr8vmdcu@datafactory.io,98911.34,DevOps Engineer
288,Youssef Jackson,sule3ssm@gmail.com,90548.14,IT Manager
289,Michael Smith,jij535pa@outlook.com,77512.97,Product Manager
290,Alice Hassan,t4xwwfzl@solix-agent.ai,87650.5,DevOps Engineer
291,Fatima Jackson,gg6s23vi@yahoo.com,93600.47,Product Manager
292,Amir Davis,04futjco@yahoo.com,76914.01,Software Engineer
293,Jane Anderson,axcn6s8a@yahoo.com,65307.42,Software Engineer
294,Jane Smith,1jea98rq@datafactory.io,86448.9,DevOps Engineer
295,Amir Jackson,wbjzicz3@example.com,66121.82,DevOps Engineer
296,Jane Anderson,wri5zk13@datafactory.io,100000.0,IT Manager
297,Charlie Al-Farsi,bx6df3ga@solix-agent.ai,100000.0,IT Manager
298,John Smith,d3uu5tcm@outlook.com,71478.02,Product Manager
299,Henry Al-Farsi,4dkdtvm8@datafactory.io,89006.33,DevOps Engineer
300,Jane Brown,fy91bywd@outlook.com,59300.62,Software Engineer
301,Layla Anderson,y41kul44@yahoo.com,100000.0,IT Manager
302,Frank Hassan,eayhkoju@example.com,100000.0,IT Manager
303,Fatima Anderson,alsjjmtt@example.com,67383.96,Software Engineer
304,Jane Mansour,d4bbu9f5@outlook.com,100000.0,IT Manager
305,Bob Davis,va2kn5g4@gmail.com,100000.0,Product Manager
306,Bob Hassan,0hdap2k7@yahoo.com,73621.81,DevOps Engineer
307,Layla Thomas,4xj4uc3y@example.com,57962.76,Software Engineer
308,Layla Davis,59b4zt2s@yahoo.com,86751.42,DevOps Engineer
309,Omar Wilson,q3f22rri@gmail.com,100000.0,IT Manager
310,Henry Hassan,b3kxcoyu@datafactory.io,91787.21,IT Manager
311,Emma Wilson,zqzzmskp@outlook.com,59326.22,Software Engineer
312,John Smith,twvjimzb@yahoo.com,84933.32,Product Manager
313,Omar Brown,y8nx6f8a@yahoo.com,100000.0,Data Scientist
314,Bob Taylor,2oqfl3nf@yahoo.com,93970.83,Software Engineer
315,Alice Wilson,8oh7uywt@datafactory.io,99275.99,Data Scientist
316,Charlie Jackson,68dwq661@yahoo.com,100000.0,Data Scientist
317,Grace Wilson,ovk4e2xj@solix-agent.ai,100000.0,Product Manager
318,Grace Hassan,vgqfhq4g@outlook.com,76933.68,Data Scientist
319,Mariam Johnson,07xgkmw0@gmail.com,87496.07,Data Scientist
320,Charlie Wilson,0cxrsadg@example.com,92858.83,Product Manager
321,Charlie Johnson,bolxhbp1@datafactory.io,77419.9,Data Scientist
322,Henry Johnson,kt5xo1ek@solix-agent.ai,83541.11,Data Scientist
323,Frank Johnson,ulup117e@example.com,93035.17,Data Scientist
324,Fatima Wilson,eeocm9g6@solix-agent.ai,88797.12,Software Engineer
325,Youssef Brown,uyfi3poo@gmail.com,68479.63,Software Engineer
326,Amir Mansour,68w95284@gmail.com,58652.36,Software Engineer
327,Fatima Mansour,rzee4w5e@gmail.com,99878.74,Product Manager
328,Jane Smith,namk0h0k@outlook.com,100000.0,IT Manager
329,Alice Doe,ssa7zxgb@gmail.com,100000.0,Data Scientist
330,Grace Al-Farsi,vac6anwy@outlook.com,100000.0,Data Scientist
331,Amir Anderson,5zc42wja@outlook.com,66020.04,Product Manager
332,John Wilson,ngq0ro0i@yahoo.com,100000.0,Data Scientist
333,Grace Johnson,rfpbs0c6@datafactory.io,73080.16,Software Engineer
334,David Al-Farsi,w0m0ez6v@outlook.com,92980.23,IT Manager
335,Mariam Thomas,k4jfyh1o@outlook.com,61633.12,DevOps Engineer
336,Amir Taylor,msu46ism@solix-agent.ai,90079.26,Data Scientist
337,Mariam Miller,6i6a7j9t@gmail.com,65232.04,Software Engineer
338,Layla Anderson,w6a3iemp@example.com,82856.45,DevOps Engineer
339,Charlie Miller,trh6612o@outlook.com,100000.0,IT Manager
340,John Doe,vebwbbrb@solix-agent.ai,98457.72,DevOps Engineer
341,Bob Kamel,q54aob6f@outlook.com,55015.16,Software Engineer
342,Amir Kamel,w4kgldo3@datafactory.io,49087.99,DevOps Engineer
343,Fatima Taylor,t85njst9@yahoo.com,69078.4,Product Manager
344,Charlie Al-Farsi,uhlm7ya4@outlook.com,93633.82,DevOps Engineer
345,Mariam Johnson,smthjybr@gmail.com,85819.39,Data Scientist
346,Mariam Thomas,1spjzzld@outlook.com,100000.0,Data Scientist
347,John Smith,ligvrhqf@outlook.com,93027.37,Product Manager
348,Grace Taylor,ww01s6sf@datafactory.io,55402.0,Software Engineer
349,Fatima Davis,408aaxrm@gmail.com,72289.12,Data Scientist
350,Bob Jackson,de2688km@datafactory.io,100000.0,IT Manager
351,Charlie Thomas,wpjastt1@example.com,60886.94,Data Scientist
352,Grace Smith,2boeno1y@outlook.com,78922.95,Data Scientist
353,Youssef Smith,skso6ygk@example.com,83514.88,Software Engineer
354,John Johnson,jkvx1y5r@solix-agent.ai,75816.33,DevOps Engineer
355,Frank Johnson,rfy2npmu@yahoo.com,75309.86,Data Scientist
356,Jane Anderson,2jshd1l6@solix-agent.ai,100000.0,Product Manager
357,Emma Johnson,3oraznzp@example.com,80667.74,DevOps Engineer
358,Bob Miller,ffbwy19d@example.com,100000.0,IT Manager
359,Layla Jackson,p4cdv0bu@datafactory.io,73086.58,Software Engineer
360,Emma Kamel,p07cldlx@outlook.com,73378.06,IT Manager
361,Bob Johnson,tqa6l7tg@gmail.com,92763.36,DevOps Engineer
362,Grace Hassan,1ot5xcpn@datafactory.io,87384.02,DevOps Engineer
363,Frank Kamel,7x958yz9@gmail.com,87542.97,DevOps Engineer
364,Youssef Doe,xtr1cvud@yahoo.com,100000.0,IT Manager
365,John Wilson,xdt08uhl@datafactory.io,100000.0,DevOps Engineer
366,Bob Jackson,44gusd3a@gmail.com,100000.0,IT Manager
367,Layla Anderson,g7u3zstf@yahoo.com,81386.14,DevOps Engineer
368,Bob Mansour,by49jub9@solix-agent.ai,100000.0,Product Manager
369,Henry Johnson,xfjlnhp4@solix-agent.ai,70093.66,DevOps Engineer
370,John Mansour,0na1qwlz@gmail.com,97199.72,IT Manager
371,Bob Davis,x8vb9ril@datafactory.io,73585.09,Data Scientist
372,Bob Mansour,zsfvg1c7@gmail.com,80825.47,DevOps Engineer
373,Layla Anderson,9sc48kab@datafactory.io,82535.1,Data Scientist
374,Sarah Thomas,9omlnlte@datafactory.io,86620.33,Product Manager
375,John Kamel,g7xrphkr@datafactory.io,51699.86,Software Engineer
376,Charlie Al-Farsi,5587ap1c@outlook.com,100000.0,Product Manager
377,Omar Miller,2fqm4goa@gmail.com,91571.08,DevOps Engineer
378,Jane Hassan,tvyadd7y@solix-agent.ai,70579.91,Data Scientist
379,Layla Wilson,eoter69p@solix-agent.ai,57780.45,Data Scientist
380,Emma Kamel,uenltvth@example.com,87108.03,IT Manager
381,Youssef Anderson,ro6zmp1m@example.com,100000.0,Data Scientist
382,Sarah Jackson,y3copuod@solix-agent.ai,100000.0,IT Manager
383,Bob Wilson,3qfwjv3b@datafactory.io,55820.04,Software Engineer
384,Fatima Al-Farsi,9mi08vh4@datafactory.io,89117.65,DevOps Engineer
385,Layla Davis,sxxivn7m@solix-agent.ai,100000.0,IT Manager
386,Sarah Doe,yq8lf9e1@outlook.com,55780.89,Software Engineer
387,Mariam Al-Farsi,vvp0tvm3@datafactory.io,74357.07,Data Scientist
388,Emma Hassan,tax5mt95@solix-agent.ai,78800.8,Data Scientist
389,Frank Davis,tsvw5t5b@outlook.com,69352.11,Software Engineer
390,Amir Wilson,7dux2l71@yahoo.com,97782.64,Data Scientist
391,Alice Taylor,bzonm4ib@outlook.com,51200.62,Software Engineer
392,Sarah Al-Farsi,gr0bjkms@outlook.com,94098.94,IT Manager
393,Henry Taylor,hq40b7ag@yahoo.com,100000.0,IT Manager
394,Alice Davis,h1qodn0j@datafactory.io,50403.56,Software Engineer
395,Jane Anderson,bfrofhah@gmail.com,100000.0,IT Manager
396,Omar Kamel,11pfjve4@outlook.com,100000.0,IT Manager
397,David Davis,m0alym2m@yahoo.com,100000.0,IT Manager
398,Charlie Al-Farsi,11g7o3jj@datafactory.io,100000.0,Product Manager
399,Amir Wilson,ifpxgp9z@yahoo.com,90100.95,DevOps Engineer
400,Jane Al-Farsi,lzwg9wyl@yahoo.com,74269.39,Data Scientist
401,Jane Kamel,vhxhrt0z@example.com,100000.0,Product Manager
402,Youssef Miller,p2yiuvsg@solix-agent.ai,100000.0,IT Manager
403,Layla Davis,ntoxqnoh@datafactory.io,80401.37,Software Engineer
404,Omar Taylor,xnddbdoq@example.com,100000.0,IT Manager
405,Grace Thomas,0uahpgoy@yahoo.com,79981.28,DevOps Engineer
406,Mariam Anderson,uhfjvw7z@solix-agent.ai,100000.0,IT Manager
407,Sarah Al-Farsi,u48cyldi@solix-agent.ai,66647.74,Software Engineer
408,Omar Miller,ljueewcp@solix-agent.ai,91499.24,DevOps Engineer
409,Henry Taylor,69h7mgfd@datafactory.io,100000.0,IT Manager
410,Fatima Brown,mhjz78j9@datafactory.io,52840.84,DevOps Engineer
411,Sarah Taylor,pq62cgl7@datafactory.io,98482.36,Data Scientist
412,John Miller,y69cr0vg@example.com,91396.57,Data Scientist
413,Charlie Kamel,jcqx5xxu@example.com,95931.37,IT Manager
414,Michael Smith,30z4t1dy@outlook.com,82045.63,DevOps Engineer
415,Michael Brown,2pgs7lpx@solix-agent.ai,68203.89,Software Engineer
416,Layla Mansour,1hnz4l9e@yahoo.com,100000.0,IT Manager
417,Omar Taylor,jv8btieh@datafactory.io,62055.24,Data Scientist
418,Mariam Hassan,vs1fx3uk@outlook.com,81613.0,Data Scientist
419,Charlie Wilson,gqd5adx9@outlook.com,96206.75,IT Manager
420,Bob Taylor,cg7ld58z@solix-agent.ai,59743.34,DevOps Engineer
421,Mariam Doe,r3g3cwcl@gmail.com,100000.0,Data Scientist
422,Sarah Al-Farsi,z8eeb120@solix-agent.ai,65150.4,DevOps Engineer
423,Amir Wilson,pk7ae8mp@yahoo.com,96477.52,Data Scientist
424,Mariam Mansour,6at8phax@datafactory.io,79774.31,Data Scientist
425,Alice Davis,k3h0avpw@example.com,71321.48,Product Manager
426,Jane Thomas,ei21hwah@yahoo.com,85734.67,Data Scientist
427,Frank Davis,evwk0q5h@datafactory.io,58871.03,Software Engineer
428,Jane Johnson,79owl74r@gmail.com,100000.0,IT Manager
429,Charlie Anderson,0hzitpe1@solix-agent.ai,100000.0,IT Manager
430,Michael Doe,ggipdibo@yahoo.com,68240.76,DevOps Engineer
431,Fatima Davis,tozg21p8@outlook.com,69194.97,Data Scientist
432,Layla Wilson,zhxniatx@yahoo.com,56187.36,Software Engineer
433,Henry Wilson,6jshlqmb@example.com,67375.78,DevOps Engineer
434,David Mansour,xye701cz@example.com,100000.0,Product Manager
435,Charlie Anderson,cwosbxu4@outlook.com,85803.08,DevOps Engineer
436,Youssef Anderson,9po8uutn@outlook.com,72579.36,DevOps Engineer
437,Emma Al-Farsi,4bby3zdm@yahoo.com,100000.0,Data Scientist
438,Mariam Hassan,vbc5zbhg@solix-agent.ai,77461.89,Product Manager
439,Alice Doe,cksacjy2@yahoo.com,79956.9,DevOps Engineer
440,Charlie Al-Farsi,inikaydl@outlook.com,61162.51,Software Engineer
441,Sarah Taylor,lvin8t8m@outlook.com,75828.49,Software Engineer
442,Fatima Brown,4jftjo7c@yahoo.com,100000.0,IT Manager
443,Youssef Brown,azdib092@solix-agent.ai,78804.07,Product Manager
444,Amir Al-Farsi,yx0m9od5@datafactory.io,100000.0,Product Manager
445,Frank Wilson,v4ksepne@yahoo.com,100000.0,IT Manager
446,Amir Anderson,jpx83ewt@datafactory.io,64648.9,DevOps Engineer
447,Mariam Taylor,i604vrgz@solix-agent.ai,77907.05,Product Manager
448,Sarah Jackson,jugmsatq@yahoo.com,74818.61,Software Engineer
449,Jane Al-Farsi,7ida1jxo@yahoo.com,80465.17,Software Engineer
450,Jane Smith,w6sras1g@example.com,72047.81,Data Scientist
451,Omar Wilson,76wczvat@yahoo.com,100000.0,Product Manager
452,John Anderson,1v33tcoy@example.com,66657.95,DevOps Engineer
453,John Hassan,v6ob381u@example.com,100000.0,IT Manager
454,Youssef Thomas,rpi3ubj4@solix-agent.ai,100000.0,IT Manager
455,Grace Kamel,d5x7kv75@datafactory.io,70074.42,DevOps Engineer
456,Omar Mansour,77dv8rrv@outlook.com,100000.0,Data Scientist
457,Bob Kamel,h5u00k21@datafactory.io,98096.4,IT Manager
458,Amir Mansour,pq5dc24i@outlook.com,100000.0,Product Manager
459,Fatima Anderson,7ys9uyw9@outlook.com,86514.15,Data Scientist
460,Emma Hassan,lnev5uhu@datafactory.io,100000.0,Product Manager
461,Alice Hassan,nqt4jd3g@example.com,70890.25,Software Engineer
462,Grace Johnson,ztax82xn@datafactory.io,87033.74,Data Scientist
463,Sarah Thomas,2968d1kn@gmail.com,92626.68,IT Manager
464,Alice Hassan,m2b01k3a@example.com,84384.19,Data Scientist
465,Grace Davis,40ot3ftl@datafactory.io,72976.96,Data Scientist
466,John Thomas,bd62s9vw@yahoo.com,70128.01,Data Scientist
467,Omar Miller,nm4y2i6j@gmail.com,70352.77,Data Scientist
468,Alice Davis,za48hy7s@gmail.com,100000.0,Product Manager
469,Frank Brown,ztgun9my@datafactory.io,80690.85,Software Engineer
470,Fatima Doe,2z7o49gl@solix-agent.ai,49551.16,DevOps Engineer
471,Fatima Brown,rasrgdho@solix-agent.ai,75843.61,Data Scientist
472,Amir Al-Farsi,h57wo8xe@example.com,99896.15,IT Manager
473,Youssef Anderson,d06ow3qm@yahoo.com,100000.0,Data Scientist
474,Charlie Miller,34b6xbig@gmail.com,97780.24,IT Manager
475,Alice Jackson,6w1fydly@outlook.com,65131.42,Product Manager
476,Bob Brown,6i7dkb4n@example.com,100000.0,IT Manager
477,Layla Al-Farsi,nwilm7u4@gmail.com,76626.66,DevOps Engineer
478,Alice Johnson,77ztwb12@example.com,57124.77,Software Engineer
479,Charlie Johnson,p9zepfd1@datafactory.io,100000.0,IT Manager
480,Jane Thomas,jpqhdw9q@gmail.com,100000.0,IT Manager
481,Omar Johnson,oea4jbdl@example.com,68277.45,Software Engineer
482,Youssef Davis,o2uwm3ic@solix-agent.ai,92047.99,DevOps Engineer
483,Michael Brown,jkgb0jzl@datafactory.io,74695.42,Data Scientist
484,Amir Smith,x152giyn@solix-agent.ai,100000.0,IT Manager
485,Mariam Anderson,vf4fwf1f@example.com,77436.24,Software Engineer
486,Jane Brown,mx4t45ab@solix-agent.ai,85558.33,Product Manager
487,Youssef Anderson,pkx2nwkp@outlook.com,55344.34,Software Engineer
488,Layla Mansour,0n9x4bcs@example.com,100000.0,Product Manager
489,Youssef Al-Farsi,524vi1e3@gmail.com,76705.32,DevOps Engineer
490,Amir Taylor,7ru68lwq@yahoo.com,59929.81,Data Scientist
491,Bob Hassan,z2fuataf@datafactory.io,53288.31,Software Engineer
492,David Doe,0bm7gmko@gmail.com,100000.0,IT Manager
493,Alice Jackson,xvhu9pbo@yahoo.com,71809.21,DevOps Engineer
494,Layla Smith,sld8o5ym@example.com,60435.76,Software Engineer
495,Jane Brown,2vmgtz6x@example.com,86907.53,IT Manager
496,Fatima Jackson,cqv32v4e@datafactory.io,50989.03,Software Engineer
497,Charlie Anderson,rf6mjpos@datafactory.io,78003.41,Product Manager
498,John Taylor,80f80odg@solix-agent.ai,57289.53,Software Engineer
499,Amir Hassan,4p2xbhs7@yahoo.com,71139.73,Software Engineer
500,Youssef Brown,ec5ktgs1@example.com,66308.93,Software Engineer
501,Omar Wilson,bh7jchg8@datafactory.io,71648.55,DevOps Engineer
502,Sarah Al-Farsi,5ed6zulr@gmail.com,83856.81,Software Engineer
503,Frank Kamel,3n5hria6@outlook.com,100000.0,IT Manager
504,Jane Taylor,qyzezr75@solix-agent.ai,99030.85,Product Manager
505,Bob Taylor,onj4maml@solix-agent.ai,74796.78,Product Manager
506,Amir Miller,vdn8jbya@datafactory.io,81220.34,Software Engineer
507,David Hassan,whtybj25@gmail.com,97334.79,DevOps Engineer
508,Sarah Smith,iof8vjmu@yahoo.com,76689.58,DevOps Engineer
509,David Hassan,himaj5mo@solix-agent.ai,100000.0,IT Manager
510,Bob Wilson,y7kendom@yahoo.com,65520.91,Software Engineer
511,Frank Doe,zrohal01@datafactory.io,74178.2,Product Manager
512,Bob Wilson,ejw3dcq2@gmail.com,78801.77,DevOps Engineer
513,David Thomas,eexsug7j@gmail.com,52522.56,Software Engineer
514,David Hassan,bsgmaxei@example.com,50520.06,DevOps Engineer
515,Amir Doe,7v6nyc0s@gmail.com,64386.53,DevOps Engineer
516,Michael Davis,9c24z12e@example.com,94530.11,Product Manager
517,Layla Kamel,yun2hjyw@solix-agent.ai,100000.0,Data Scientist
518,Charlie Kamel,rfuyx9ao@datafactory.io,100000.0,IT Manager
519,Amir Miller,01cao3yo@gmail.com,100000.0,IT Manager
520,Alice Jackson,5oxri07q@solix-agent.ai,80467.17,Product Manager
521,Mariam Thomas,tdumkptd@example.com,63103.51,DevOps Engineer
522,Fatima Brown,7oyqpxb5@outlook.com,62474.33,Software Engineer
523,John Davis,df4wwm4d@example.com,69008.11,DevOps Engineer
524,Sarah Thomas,s08k1tyj@yahoo.com,100000.0,Product Manager
525,Jane Johnson,n8mj0dsj@gmail.com,100000.0,IT Manager
526,Grace Taylor,lqcbe45b@datafactory.io,78747.3,DevOps Engineer
527,Jane Johnson,nczz2xo6@outlook.com,82342.2,IT Manager
528,Bob Doe,2vwwcnci@solix-agent.ai,77351.35,Software Engineer
529,Grace Jackson,b5ffwx02@example.com,100000.0,IT Manager
530,Henry Doe,kq77vynt@solix-agent.ai,100000.0,IT Manager
531,Michael Anderson,14hmycdz@gmail.com,100000.0,Data Scientist
532,Sarah Al-Farsi,o9zyxs64@solix-agent.ai,100000.0,Data Scientist
533,David Kamel,hmp19piz@solix-agent.ai,97093.95,Data Scientist
534,Grace Mansour,yov4ttag@gmail.com,88816.16,IT Manager
535,Omar Hassan,leh727zd@gmail.com,100000.0,Product Manager
536,Bob Miller,xfindd38@yahoo.com,100000.0,IT Manager
537,Alice Miller,noil8642@solix-agent.ai,100000.0,Product Manager
538,Amir Thomas,t6xjy510@yahoo.com,84492.51,Product Manager
539,Jane Anderson,4s7kmjds@example.com,66368.21,Data Scientist
540,Emma Smith,pfgkizbo@solix-agent.ai,78482.37,DevOps Engineer
541,Frank Hassan,mav7hqwe@example.com,73944.26,Software Engineer
542,Emma Taylor,uvcfu601@yahoo.com,72297.25,Data Scientist
543,Jane Kamel,4rdot6mk@example.com,99180.62,Data Scientist
544,David Johnson,qwrjsp9u@solix-agent.ai,84694.2,DevOps Engineer
545,Youssef Thomas,17ezc2i6@gmail.com,80394.89,Software Engineer
546,Alice Davis,hatgtqmv@gmail.com,85261.98,IT Manager
547,Omar Taylor,d259qbmf@solix-agent.ai,83347.09,IT Manager
548,Henry Doe,gb1s1j6g@outlook.com,92842.79,Data Scientist
549,Fatima Smith,0n7br5oc@gmail.com,67722.1,Software Engineer
550,John Hassan,ihy1z27o@gmail.com,65978.83,Data Scientist
551,Michael Smith,ky3xtj58@gmail.com,83156.81,Product Manager
552,Youssef Johnson,ttvebs3k@solix-agent.ai,98943.6,Data Scientist
553,Layla Taylor,so6p2raq@outlook.com,73107.53,Data Scientist
554,Jane Wilson,nrzcocph@outlook.com,89315.33,IT Manager
555,Amir Davis,gnn5a0si@solix-agent.ai,100000.0,IT Manager
556,John Johnson,9o34jt8e@example.com,100000.0,IT Manager
557,Mariam Anderson,vxyejlih@gmail.com,67408.91,Product Manager
558,Bob Doe,9pxsx3pt@datafactory.io,100000.0,IT Manager
559,Fatima Hassan,n23b1r8e@datafactory.io,67553.23,Software Engineer
560,Fatima Al-Farsi,59g6biv5@datafactory.io,86150.92,DevOps Engineer
561,David Davis,6u47w6xw@gmail.com,64466.75,Software Engineer
562,Youssef Johnson,1amr1p8s@outlook.com,68650.82,Software Engineer
563,Amir Taylor,h0joya1p@datafactory.io,99596.48,IT Manager
564,Frank Miller,mhhjynwk@yahoo.com,100000.0,DevOps Engineer
565,Bob Anderson,cbxjws2k@outlook.com,92595.82,DevOps Engineer
566,Grace Davis,niq2t3oy@gmail.com,99114.76,DevOps Engineer
567,Bob Thomas,3tgc7o8m@gmail.com,100000.0,Product Manager
568,Henry Smith,dwq5efjy@yahoo.com,100000.0,IT Manager
569,Michael Kamel,gq8hksbc@outlook.com,58426.08,DevOps Engineer
570,David Brown,p97eq4sh@gmail.com,100000.0,Product Manager
571,Layla Davis,3c2dpa0r@datafactory.io,73968.9,Data Scientist
572,Mariam Brown,83isjmbv@datafactory.io,87296.62,Data Scientist
573,Grace Smith,lptc2hzh@outlook.com,70908.48,Product Manager
574,John Taylor,5eadpdyo@gmail.com,100000.0,Product Manager
575,Michael Anderson,49x3fewy@gmail.com,100000.0,IT Manager
576,Alice Taylor,k80jrp60@yahoo.com,100000.0,IT Manager
577,Grace Al-Farsi,gojc3kg0@example.com,92614.78,Data Scientist
578,Bob Davis,jcvzauhs@example.com,49108.07,DevOps Engineer
579,Youssef Kamel,9ccozs7h@datafactory.io,92283.81,Data Scientist
580,Mariam Kamel,6oy0j47w@datafactory.io,56314.01,DevOps Engineer
581,Alice Anderson,sm0qeftl@solix-agent.ai,84042.82,DevOps Engineer
582,Frank Johnson,0z0g1cxo@outlook.com,85453.94,IT Manager
583,David Wilson,vraxfgvg@solix-agent.ai,93558.7,Software Engineer
584,Charlie Wilson,y0rjff5q@solix-agent.ai,85281.86,Software Engineer
585,Layla Kamel,lvygwqxm@outlook.com,69253.89,Product Manager
586,Fatima Kamel,a8x4tiyd@datafactory.io,100000.0,IT Manager
587,Omar Doe,o2a3mdpk@yahoo.com,90553.09,DevOps Engineer
588,John Thomas,20ugdms8@example.com,48706.44,Software Engineer
589,Amir Doe,ui74ie8j@solix-agent.ai,62823.12,DevOps Engineer
590,Sarah Anderson,hl24xu63@gmail.com,89050.69,Software Engineer
591,Bob Al-Farsi,qr42d6rc@gmail.com,74262.87,Software Engineer
592,Michael Smith,5j2j90i1@example.com,88347.52,Software Engineer
593,Youssef Brown,z9gkkq70@datafactory.io,98748.15,IT Manager
594,Charlie Johnson,xm8d7krt@gmail.com,67155.23,Data Scientist
595,Michael Johnson,i1x8tzes@datafactory.io,93509.15,DevOps Engineer
596,Amir Brown,kmhxejjr@outlook.com,100000.0,IT Manager
597,Fatima Brown,g4jyrrin@solix-agent.ai,100000.0,IT Manager
598,Omar Smith,3evlne8p@solix-agent.ai,94413.2,IT Manager
599,David Anderson,qkkve2l4@outlook.com,90239.04,IT Manager
600,Sarah Al-Farsi,ibpu9twf@datafactory.io,100000.0,IT Manager
601,Henry Jackson,fsnm1c4f@yahoo.com,100000.0,Product Manager
602,Bob Johnson,qtln8c8c@solix-agent.ai,63062.78,DevOps Engineer
603,Grace Johnson,0g3c259b@example.com,100000.0,IT Manager
604,Amir Wilson,86a6h2ps@datafactory.io,92640.25,DevOps Engineer
605,Layla Wilson,gmswdka9@datafactory.io,100000.0,Product Manager
606,Grace Kamel,yodeziw9@gmail.com,100000.0,Product Manager
607,Henry Doe,ndl2hf6d@example.com,67447.13,DevOps Engineer
608,John Taylor,xwev7hiq@solix-agent.ai,81271.62,Software Engineer
609,Charlie Hassan,ysvwzjts@gmail.com,99910.94,Data Scientist
610,Layla Brown,84n7gtu4@example.com,65468.73,Software Engineer
611,Grace Mansour,b41j6d3l@datafactory.io,41430.7,Software Engineer
612,Alice Mansour,ripx7isi@solix-agent.ai,61813.56,Software Engineer
613,Bob Hassan,bbiowkit@datafactory.io,84077.49,IT Manager
614,David Johnson,n14aa80r@example.com,100000.0,Product Manager
615,Youssef Thomas,1y5ur75e@outlook.com,74961.6,Software Engineer
616,Charlie Thomas,eenlpmgc@yahoo.com,100000.0,Product Manager
617,Fatima Taylor,2dtgzyoz@datafactory.io,51526.14,DevOps Engineer
618,John Doe,z71zqe4h@example.com,69466.38,Data Scientist
619,Emma Kamel,wjje3imt@example.com,73018.52,DevOps Engineer
620,Jane Al-Farsi,95xwxown@datafactory.io,61855.43,DevOps Engineer
621,Mariam Wilson,0kb6pqcm@gmail.com,100000.0,IT Manager
622,Amir Wilson,8emu3ycj@solix-agent.ai,65506.62,Data Scientist
623,Sarah Al-Farsi,r77izhe8@yahoo.com,66496.71,DevOps Engineer
624,Bob Taylor,pxayg8pb@datafactory.io,58808.74,DevOps Engineer
625,David Brown,cl123pzk@example.com,100000.0,Data Scientist
626,Grace Smith,p29ae38d@outlook.com,100000.0,Data Scientist
627,Alice Smith,t3b53y6i@example.com,91435.83,DevOps Engineer
628,David Jackson,z6j4f680@datafactory.io,100000.0,Data Scientist
629,Omar Davis,qiy5lsi7@yahoo.com,86065.55,DevOps Engineer
630,Jane Hassan,w7q8zt63@yahoo.com,62464.74,DevOps Engineer
631,Frank Mansour,8moze8d4@yahoo.com,68947.08,IT Manager
632,Michael Jackson,7yj7uvgs@solix-agent.ai,76258.38,Software Engineer
633,Bob Miller,dhjdk1ql@datafactory.io,91467.58,DevOps Engineer
634,Grace Hassan,iddk5klm@solix-agent.ai,96561.74,Product Manager
635,Henry Taylor,eq8m8gp9@datafactory.io,61363.8,Software Engineer
636,Alice Miller,ghi78usm@example.com,53116.06,Software Engineer
637,John Jackson,odrxqfzm@outlook.com,87432.82,Software Engineer
638,Fatima Wilson,s4gc7f6g@outlook.com,100000.0,IT Manager
639,John Thomas,m6v11b8n@example.com,89608.57,DevOps Engineer
640,Grace Doe,kd7w3ysi@gmail.com,100000.0,IT Manager
641,Mariam Smith,vp6amyry@datafactory.io,72569.13,DevOps Engineer
642,Grace Thomas,l64v4w77@example.com,100000.0,IT Manager
643,Henry Johnson,z5fdnoyc@solix-agent.ai,91919.54,IT Manager
644,Frank Smith,yivlmxct@outlook.com,100000.0,Product Manager
645,Fatima Thomas,jlib145d@solix-agent.ai,88369.07,IT Manager
646,Michael Taylor,cs52rqae@gmail.com,91630.42,Data Scientist
647,Fatima Thomas,8ppe4td4@datafactory.io,71333.33,Product Manager
648,Sarah Mansour,lkjdl8ed@solix-agent.ai,99182.85,IT Manager
649,Alice Al-Farsi,80zwns38@example.com,86755.65,Software Engineer
650,Amir Davis,c828d1fe@solix-agent.ai,93523.87,Data Scientist
651,Amir Jackson,b69hui3z@yahoo.com,83430.77,Data Scientist
652,Fatima Doe,9iouegrk@outlook.com,69954.49,Data Scientist
653,Fatima Hassan,jtadi3jw@yahoo.com,100000.0,Product Manager
654,Bob Al-Farsi,oz4ldho6@solix-agent.ai,87026.71,IT Manager
655,Sarah Davis,64vifctu@yahoo.com,100000.0,IT Manager
656,Frank Al-Farsi,zd2ymc9v@solix-agent.ai,71803.56,Software Engineer
657,Charlie Hassan,lwlw7fb2@gmail.com,60992.66,Software Engineer
658,Omar Doe,9l4n6sh8@outlook.com,76087.01,Data Scientist
659,Youssef Al-Farsi,k3yzs0yu@outlook.com,57601.71,Software Engineer
660,Youssef Al-Farsi,zk3682cq@solix-agent.ai,100000.0,Product Manager
661,David Taylor,of028b3p@datafactory.io,77631.07,IT Manager
662,Emma Johnson,eg41owjb@yahoo.com,74538.14,Data Scientist
663,Jane Jackson,2xnojuzg@outlook.com,48354.52,Software Engineer
664,Michael Wilson,7eab741w@yahoo.com,100000.0,Product Manager
665,Frank Miller,5nci2qrt@example.com,98451.9,Product Manager
666,Mariam Doe,rmgec7mw@outlook.com,87539.9,Software Engineer
667,Bob Thomas,f839yma4@gmail.com,100000.0,IT Manager
668,Alice Miller,6a1ddeti@gmail.com,54023.18,Software Engineer
669,Youssef Smith,y6gp8tnn@datafactory.io,74940.01,Data Scientist
670,Emma Wilson,qefbljbh@gmail.com,72544.55,Software Engineer
671,Grace Wilson,t38tx067@gmail.com,100000.0,Product Manager
672,Michael Mansour,rsb5ixdz@outlook.com,58048.42,Software Engineer
673,Alice Kamel,gi99hwfg@example.com,100000.0,IT Manager
674,Charlie Wilson,icwlx8d5@outlook.com,72938.31,DevOps Engineer
675,Frank Mansour,s9dc8yo6@example.com,79280.86,Software Engineer
676,Michael Doe,vhgj5l1i@yahoo.com,100000.0,IT Manager
677,Alice Taylor,7mtx5nd4@example.com,100000.0,IT Manager
678,Charlie Al-Farsi,4tnnf3xj@solix-agent.ai,100000.0,Product Manager
679,Amir Wilson,qhs7n1de@solix-agent.ai,100000.0,IT Manager
680,Mariam Thomas,t7duv2tk@outlook.com,100000.0,IT Manager
681,Layla Thomas,10h04u09@outlook.com,100000.0,IT Manager
682,Fatima Mansour,48b3zpyz@yahoo.com,100000.0,IT Manager
683,Henry Johnson,5snyisnj@solix-agent.ai,99249.86,Data Scientist
684,Mariam Al-Farsi,4bp1i67x@outlook.com,90813.21,Data Scientist
685,Sarah Smith,l5qw044t@solix-agent.ai,100000.0,Product Manager
686,Bob Kamel,spckidse@solix-agent.ai,73805.87,Software Engineer
687,Frank Al-Farsi,b1z9hmde@outlook.com,89152.37,IT Manager
688,Charlie Wilson,115dl5xk@gmail.com,86195.71,Software Engineer
689,Omar Kamel,cag8uh4w@outlook.com,51037.58,Software Engineer
690,Fatima Hassan,2ndoul73@gmail.com,63416.89,Product Manager
691,Mariam Miller,r89t6r5e@example.com,100000.0,IT Manager
692,Frank Al-Farsi,5gvn33m7@solix-agent.ai,100000.0,IT Manager
693,Emma Taylor,r855cxto@yahoo.com,57944.17,DevOps Engineer
694,Omar Johnson,dche58j3@example.com,49700.93,Software Engineer
695,Youssef Al-Farsi,2uxxo70k@example.com,53209.18,Software Engineer
696,Emma Wilson,kcro2bcg@example.com,71314.65,Data Scientist
697,Amir Miller,3djan0pp@datafactory.io,64785.44,DevOps Engineer
698,Layla Johnson,efr70xn7@solix-agent.ai,72511.53,Data Scientist
699,Henry Al-Farsi,ild6fxer@gmail.com,97273.97,Data Scientist
700,Charlie Jackson,tk5u5vta@yahoo.com,58112.38,Data Scientist
701,Frank Jackson,i3b64ncl@solix-agent.ai,78816.68,Product Manager
702,Mariam Al-Farsi,a09gb1av@yahoo.com,84447.37,Product Manager
703,Fatima Brown,8z2rajkp@outlook.com,100000.0,Data Scientist
704,Alice Davis,595chhxq@example.com,80291.02,DevOps Engineer
705,Mariam Jackson,no4es3zr@datafactory.io,78231.95,Software Engineer
706,Omar Wilson,byjpenpu@gmail.com,67254.17,DevOps Engineer
707,Sarah Al-Farsi,k7kdgazg@solix-agent.ai,95505.62,IT Manager
708,Layla Miller,xnmnrwr1@gmail.com,75062.42,Product Manager
709,Emma Smith,c1kne9jq@solix-agent.ai,80607.29,Software Engineer
710,Mariam Anderson,3wczez1a@example.com,79523.7,Software Engineer
711,Sarah Miller,k858vjxc@gmail.com,99796.1,IT Manager
712,Fatima Mansour,kfq8qzea@gmail.com,100000.0,IT Manager
713,David Hassan,w97evzgh@gmail.com,80254.22,Data Scientist
714,Fatima Davis,5ue6diaq@outlook.com,100000.0,Product Manager
715,Sarah Jackson,zntdf27h@example.com,81509.75,Product Manager
716,Mariam Al-Farsi,m3kydjse@outlook.com,81648.29,DevOps Engineer
717,Youssef Jackson,1jn0z6iv@yahoo.com,81308.76,Data Scientist
718,Amir Thomas,franzjw0@gmail.com,88806.42,Data Scientist
719,Amir Hassan,db9cyr9m@yahoo.com,100000.0,Data Scientist
720,Charlie Johnson,7fd5kr2s@example.com,72379.52,Data Scientist
721,Omar Hassan,zvqcpe73@example.com,100000.0,Product Manager
722,Layla Johnson,z2uxa5bk@gmail.com,87647.68,Product Manager
723,Charlie Miller,nenbmx5g@solix-agent.ai,92757.81,Data Scientist
724,Amir Wilson,yngqlpok@datafactory.io,81935.33,DevOps Engineer
725,Frank Miller,ltozrjq5@solix-agent.ai,61209.01,Software Engineer
726,Youssef Mansour,wiwewunf@yahoo.com,75646.33,Software Engineer
727,Charlie Doe,ievpphgr@example.com,71872.54,DevOps Engineer
728,Alice Smith,lxt2a39p@outlook.com,92209.62,Data Scientist
729,John Smith,3hd8u9jt@example.com,80830.77,Product Manager
730,Bob Anderson,kcake7ix@gmail.com,55700.4,Software Engineer
731,Alice Doe,xq8u71br@gmail.com,100000.0,IT Manager
732,Grace Doe,rzu1iui6@example.com,100000.0,IT Manager
733,Bob Miller,w6uf2nvk@outlook.com,74624.99,DevOps Engineer
734,Fatima Smith,g2ffy56a@gmail.com,78923.02,Data Scientist
735,Fatima Davis,7myed3br@gmail.com,90153.38,Software Engineer
736,Amir Al-Farsi,cj7knofn@yahoo.com,100000.0,Data Scientist
737,Grace Mansour,eeu83jdb@example.com,68943.2,Software Engineer
738,John Al-Farsi,ml60j6qz@datafactory.io,66643.41,DevOps Engineer
739,Layla Doe,olxhc0kl@outlook.com,100000.0,DevOps Engineer
740,Grace Johnson,b0z4uogd@datafactory.io,100000.0,IT Manager
741,Youssef Davis,yqf2kkcy@solix-agent.ai,98101.1,Data Scientist
742,Omar Johnson,qcwbmcjk@example.com,77904.18,IT Manager
743,Layla Kamel,cp3lp7i3@yahoo.com,93431.87,Data Scientist
744,Michael Johnson,5m76umhw@gmail.com,100000.0,IT Manager
745,David Thomas,y7kfxi75@datafactory.io,100000.0,Product Manager
746,David Kamel,q6hyfz47@example.com,100000.0,Product Manager
747,Bob Jackson,7prnog75@outlook.com,100000.0,Product Manager
748,Grace Hassan,v4nb2bi2@example.com,100000.0,Product Manager
749,John Al-Farsi,a1886bvl@yahoo.com,66192.25,Software Engineer
750,Youssef Kamel,ckbfbqn7@yahoo.com,100000.0,Product Manager
751,Fatima Smith,tbh7hoy2@yahoo.com,75643.54,DevOps Engineer
752,Michael Anderson,hvmacv79@outlook.com,98718.98,DevOps Engineer
753,Grace Jackson,cyvq0akt@example.com,62752.19,Software Engineer
754,Omar Davis,hwssu0ko@gmail.com,79564.8,Product Manager
755,Fatima Doe,nr77srri@datafactory.io,100000.0,Product Manager
756,Grace Taylor,szq7px6q@yahoo.com,100000.0,Product Manager
757,Layla Thomas,0viz2mw1@datafactory.io,100000.0,IT Manager
758,Jane Taylor,eoglo1a4@outlook.com,100000.0,Data Scientist
759,Emma Taylor,49fmlazs@yahoo.com,81447.89,IT Manager
760,Jane Taylor,m5k3aqc4@datafactory.io,100000.0,Data Scientist
761,Sarah Davis,l2rlk7v4@gmail.com,100000.0,Product Manager
762,John Al-Farsi,ydctew6r@yahoo.com,78890.74,Product Manager
763,Fatima Johnson,qfydhuwm@solix-agent.ai,96310.94,IT Manager
764,Charlie Mansour,gstilxdw@yahoo.com,100000.0,IT Manager
765,Alice Thomas,2b1vo79h@yahoo.com,100000.0,Data Scientist
766,Frank Davis,wia7pej3@solix-agent.ai,82548.65,DevOps Engineer
767,Youssef Thomas,8oapqond@outlook.com,96293.38,Data Scientist
768,Youssef Thomas,5u8a9754@outlook.com,90830.2,IT Manager
769,Fatima Brown,l1b5w612@datafactory.io,100000.0,IT Manager
770,David Anderson,7xt3rnpp@yahoo.com,57579.38,Software Engineer
771,Omar Brown,jb76kpi9@solix-agent.ai,100000.0,IT Manager
772,Mariam Miller,33p3ttva@outlook.com,51575.86,Software Engineer
773,Omar Jackson,r96qze1k@gmail.com,52899.28,DevOps Engineer
774,Frank Brown,kmacdhcs@solix-agent.ai,88585.68,Data Scientist
775,Omar Smith,dlpb73pc@yahoo.com,92836.94,Data Scientist
776,David Hassan,07luz0r9@datafactory.io,81853.14,Software Engineer
777,Charlie Miller,8dbmov21@datafactory.io,95867.24,Data Scientist
778,Charlie Taylor,zptpdah5@outlook.com,80468.7,IT Manager
779,David Wilson,bwebpptu@datafactory.io,100000.0,Product Manager
780,Grace Johnson,u4yxijqn@example.com,54070.74,Software Engineer
781,Mariam Al-Farsi,q9f63b06@outlook.com,93460.12,Data Scientist
782,Henry Mansour,lhpvhjpg@solix-agent.ai,84573.78,Software Engineer
783,John Smith,spewaaj5@datafactory.io,51775.66,Software Engineer
784,Charlie Miller,7m53exwc@yahoo.com,75255.61,Product Manager
785,Alice Smith,8c76tp34@datafactory.io,100000.0,IT Manager
786,Michael Smith,0i8v0jod@solix-agent.ai,65605.82,Software Engineer
787,Omar Doe,yzhsbdvn@solix-agent.ai,66980.06,Data Scientist
788,Grace Mansour,byx77bn9@solix-agent.ai,81704.58,DevOps Engineer
789,Amir Taylor,d0s47jtv@gmail.com,60645.79,Software Engineer
790,Emma Doe,v63i8m7f@gmail.com,71091.15,Software Engineer
791,Alice Brown,efpz8pvz@outlook.com,60779.84,Product Manager
792,Bob Davis,sqfctyxg@yahoo.com,100000.0,IT Manager
793,Alice Thomas,e6ruc98n@example.com,90693.36,DevOps Engineer
794,Amir Jackson,wupz4o8j@solix-agent.ai,100000.0,Data Scientist
795,Michael Taylor,xjppyhhs@solix-agent.ai,79926.31,DevOps Engineer
796,Alice Jackson,x7ztzy0r@datafactory.io,100000.0,Data Scientist
797,Michael Doe,2mpnhroh@datafactory.io,100000.0,IT Manager
798,Frank Mansour,11bg00mv@gmail.com,63773.23,Data Scientist
799,Jane Davis,wkbavgtw@yahoo.com,95582.52,Product Manager
800,Charlie Mansour,94ubnybt@datafactory.io,90941.51,Product Manager
801,Omar Miller,uxyqwtfm@outlook.com,100000.0,Product Manager
802,Youssef Thomas,hu055qjg@outlook.com,100000.0,Product Manager
803,Michael Johnson,tvl5d4e6@datafactory.io,93992.93,DevOps Engineer
804,Michael Doe,l6l27ed5@gmail.com,100000.0,IT Manager
805,Alice Doe,z2xk3bs9@solix-agent.ai,98083.4,Data Scientist
806,Frank Anderson,agjtedvk@yahoo.com,68882.85,Data Scientist
807,Layla Brown,3at0ak8u@example.com,100000.0,Product Manager
808,Sarah Al-Farsi,m5lg10o8@datafactory.io,94575.08,Product Manager
809,Sarah Kamel,sif7a9se@yahoo.com,82360.63,Software Engineer
810,Charlie Al-Farsi,g1txx0zl@example.com,100000.0,IT Manager
811,Sarah Thomas,di3rk1gg@solix-agent.ai,90007.11,DevOps Engineer
812,Emma Davis,e1hzw1bj@outlook.com,79117.97,Data Scientist
813,Grace Anderson,mk3avj6p@datafactory.io,69305.45,Software Engineer
814,Sarah Kamel,3oj3l1d6@example.com,74434.25,Software Engineer
815,Alice Smith,riw72ywv@yahoo.com,95610.12,Data Scientist
816,Frank Wilson,0ti724u5@example.com,65260.05,DevOps Engineer
817,Fatima Kamel,1jf31knd@datafactory.io,62789.98,Software Engineer
818,Jane Al-Farsi,jbta9n09@solix-agent.ai,79569.42,Software Engineer
819,David Al-Farsi,thvj5bzd@example.com,92093.2,IT Manager
820,Jane Thomas,rhlvml4w@outlook.com,62281.57,DevOps Engineer
821,Alice Smith,rqh0u2td@datafactory.io,85122.98,Software Engineer
822,Mariam Doe,0su7v36n@example.com,83823.54,DevOps Engineer
823,Jane Wilson,g7dedfu2@datafactory.io,65854.4,Data Scientist
824,Layla Miller,46x15g28@solix-agent.ai,90425.44,Product Manager
825,Youssef Wilson,2uip179a@example.com,89801.49,Software Engineer
826,John Jackson,cbtm6992@datafactory.io,100000.0,IT Manager
827,Michael Kamel,xiq7g2q4@solix-agent.ai,99106.65,Data Scientist
828,Layla Taylor,rcjs4boq@example.com,70258.57,DevOps Engineer
829,Emma Mansour,bz8dq1ja@example.com,100000.0,Data Scientist
830,Sarah Al-Farsi,rhzcv8qb@gmail.com,57691.49,Software Engineer
831,Omar Taylor,tcfhjja8@example.com,89546.89,DevOps Engineer
832,Layla Al-Farsi,q4mjle7p@solix-agent.ai,98868.85,Product Manager
833,Charlie Taylor,4wbf5eo8@solix-agent.ai,92471.4,Data Scientist
834,Layla Kamel,j8r4cbl4@example.com,48245.21,Software Engineer
835,John Taylor,f1qapz94@example.com,100000.0,IT Manager
836,Emma Mansour,ymjbl989@gmail.com,100000.0,DevOps Engineer
837,David Jackson,xfxvkgia@example.com,56896.14,Data Scientist
838,Alice Jackson,ev9zl4sk@outlook.com,78305.03,Data Scientist
839,Layla Johnson,6ugfdk38@outlook.com,100000.0,Product Manager
840,Layla Anderson,70a6kbw2@solix-agent.ai,76869.54,Product Manager
841,Frank Wilson,ib06ooiz@solix-agent.ai,100000.0,IT Manager
842,Amir Thomas,andk8o92@solix-agent.ai,90519.6,IT Manager
843,Sarah Johnson,er4eni8p@outlook.com,60561.93,Software Engineer
844,Layla Wilson,5ureyoo0@solix-agent.ai,69033.42,Software Engineer
845,Fatima Brown,8yc3u8wm@solix-agent.ai,100000.0,IT Manager
846,Grace Brown,dd172zzx@datafactory.io,93935.0,IT Manager
847,Charlie Davis,4vfy1nkw@datafactory.io,71433.43,DevOps Engineer
848,Jane Thomas,vh5pw5k2@datafactory.io,100000.0,Product Manager
849,Emma Brown,xedka6uv@gmail.com,61939.24,Software Engineer
850,Charlie Kamel,wkevcr82@outlook.com,96899.32,Product Manager
851,Michael Hassan,wwdw3o1m@outlook.com,100000.0,Product Manager
852,David Mansour,k4q2pmdz@example.com,100000.0,IT Manager
853,Jane Kamel,rirnyffz@datafactory.io,61165.25,DevOps Engineer
854,Alice Doe,i2jquvxd@gmail.com,84194.78,Data Scientist
855,Michael Thomas,zyvsfdtg@example.com,89178.05,DevOps Engineer
856,Alice Doe,x6rmdmz7@example.com,71974.52,DevOps Engineer
857,Omar Al-Farsi,l2m9w42e@datafactory.io,100000.0,Product Manager
858,Henry Johnson,fht9n880@gmail.com,99573.42,DevOps Engineer
859,Jane Miller,1q0eju08@datafactory.io,62598.77,Software Engineer
860,John Thomas,m98am20v@outlook.com,99139.69,Product Manager
861,Henry Wilson,g09x0ktv@datafactory.io,67611.75,Software Engineer
862,Amir Kamel,2z2n1sl8@gmail.com,100000.0,Data Scientist
863,Henry Miller,9e51giyz@outlook.com,100000.0,Product Manager
864,Jane Wilson,a2ll7j8w@solix-agent.ai,89486.87,Data Scientist
865,John Wilson,qlm4jmtk@outlook.com,100000.0,Product Manager
866,David Smith,yhlkey9f@solix-agent.ai,100000.0,IT Manager
867,Mariam Kamel,j5a9xha1@example.com,76251.91,DevOps Engineer
868,Layla Thomas,hexp7jn3@example.com,100000.0,IT Manager
869,Frank Jackson,cktzu9hp@example.com,79169.09,Data Scientist
870,David Al-Farsi,hmokn1bx@gmail.com,79684.48,DevOps Engineer
871,Layla Taylor,j1quomow@solix-agent.ai,98704.34,Product Manager
872,Bob Davis,1secwznu@outlook.com,65261.63,DevOps Engineer
873,Henry Miller,ux5ly8ak@datafactory.io,54476.82,Software Engineer
874,Amir Smith,zj1nrof2@outlook.com,84671.93,DevOps Engineer
875,Layla Doe,5ymdxsmx@gmail.com,78315.59,Software Engineer
876,Mariam Thomas,48y5zxcn@solix-agent.ai,74921.93,DevOps Engineer
877,Michael Mansour,1im30biw@outlook.com,56002.31,Software Engineer
878,Mariam Anderson,pbv8fwr5@outlook.com,89264.14,Data Scientist
879,Jane Hassan,hc26zpyz@outlook.com,100000.0,IT Manager
880,Mariam Johnson,djz11s6n@outlook.com,86780.43,Product Manager
881,Bob Smith,rcn9m01k@gmail.com,75961.15,DevOps Engineer
882,Grace Wilson,eq7f0sc4@example.com,100000.0,IT Manager
883,Alice Brown,6cgzhiq2@solix-agent.ai,100000.0,Product Manager
884,Jane Brown,swm6f9sl@solix-agent.ai,100000.0,Product Manager
885,Omar Johnson,fnh8pdxb@outlook.com,56337.07,Software Engineer
886,Mariam Miller,mev7rxlg@example.com,89312.23,Data Scientist
887,Fatima Al-Farsi,bv9u5kz0@yahoo.com,90363.24,Data Scientist
888,John Al-Farsi,e6fejsl7@outlook.com,100000.0,IT Manager
889,Mariam Wilson,ni9hdxw8@gmail.com,71319.58,Data Scientist
890,Sarah Kamel,33mucw6x@gmail.com,57654.81,DevOps Engineer
891,Mariam Al-Farsi,zw8s5uuc@gmail.com,95729.37,Data Scientist
892,Mariam Kamel,mxt3ms0w@yahoo.com,100000.0,IT Manager
893,Fatima Anderson,gx5r277u@solix-agent.ai,90980.28,Data Scientist
894,Emma Doe,m0v8qynj@solix-agent.ai,86901.62,DevOps Engineer
895,Youssef Jackson,1xs4ejp9@solix-agent.ai,76140.0,Software Engineer
896,Sarah Jackson,pd911lvg@yahoo.com,100000.0,IT Manager
897,David Davis,vj5q3qik@gmail.com,78514.15,Software Engineer
898,Frank Miller,rjagszya@yahoo.com,82430.39,Software Engineer
899,Emma Al-Farsi,y1tk0eba@gmail.com,67819.68,Software Engineer
900,Henry Mansour,dmgt2qr4@gmail.com,78598.4,Product Manager
901,Emma Taylor,d7wzhe3m@solix-agent.ai,100000.0,Product Manager
902,Mariam Miller,9qhlws7i@datafactory.io,62468.65,Software Engineer
903,Amir Miller,l3jjzwuh@datafactory.io,100000.0,IT Manager
904,Youssef Anderson,hb5wb87x@datafactory.io,100000.0,DevOps Engineer
905,Sarah Anderson,clytvr8z@yahoo.com,68005.54,DevOps Engineer
906,Charlie Thomas,q4y0e94z@solix-agent.ai,100000.0,Data Scientist
907,Sarah Thomas,v3d6lbcy@outlook.com,100000.0,IT Manager
908,Layla Johnson,9b5fosjb@solix-agent.ai,100000.0,Product Manager
909,Youssef Taylor,4lbrpprc@datafactory.io,80844.24,Software Engineer
910,Emma Davis,fd2qgye3@datafactory.io,78344.61,Data Scientist
911,David Davis,p8y3uc2u@solix-agent.ai,69285.49,DevOps Engineer
912,Grace Anderson,mvp1ev83@gmail.com,100000.0,Product Manager
913,Alice Kamel,ffknwyrf@datafactory.io,80927.68,Product Manager
914,Emma Brown,79raxf3k@yahoo.com,81060.65,Software Engineer
915,John Smith,jh6brqzo@yahoo.com,58736.26,DevOps Engineer
916,Henry Taylor,4ygd43bp@datafactory.io,100000.0,IT Manager
917,Alice Taylor,veew4pio@example.com,100000.0,Product Manager
918,Mariam Hassan,87gnzr74@example.com,86763.92,Software Engineer
919,Alice Doe,qj31u4sx@gmail.com,100000.0,IT Manager
920,Michael Davis,6xygacln@outlook.com,86377.43,DevOps Engineer
921,Henry Doe,qy2yd4yt@example.com,100000.0,Product Manager
922,Grace Taylor,1xglj0gh@yahoo.com,100000.0,IT Manager
923,Michael Anderson,643h5rkx@example.com,100000.0,IT Manager
924,Youssef Jackson,g156t3c8@example.com,100000.0,IT Manager
925,Charlie Doe,x9lla63n@example.com,77989.48,Product Manager
926,David Davis,prxhfflh@example.com,78751.83,Product Manager
927,Omar Miller,en3zo1mr@yahoo.com,93828.6,Data Scientist
928,Amir Jackson,pcdwuc6e@yahoo.com,86213.91,DevOps Engineer
929,Charlie Anderson,aidogjdj@outlook.com,63174.67,Software Engineer
930,Henry Mansour,cl8vwgbf@datafactory.io,91062.31,IT Manager
931,Sarah Miller,25el8n8s@gmail.com,100000.0,Data Scientist
932,Layla Smith,g435x9bu@solix-agent.ai,76952.93,Software Engineer
933,Youssef Thomas,k6p5h21r@outlook.com,59666.98,Data Scientist
934,John Taylor,2c1oezhp@solix-agent.ai,100000.0,Product Manager
935,Emma Davis,2x1907v3@outlook.com,100000.0,IT Manager
936,Layla Miller,z3q9hsf0@example.com,68684.47,Software Engineer
937,Alice Miller,nzxbxwoj@solix-agent.ai,52193.45,Software Engineer
938,Alice Smith,yr43kc08@example.com,86334.55,Software Engineer
939,Omar Mansour,5cts0yiv@outlook.com,47883.38,Software Engineer
940,Omar Doe,qmmw29jx@gmail.com,86224.35,Software Engineer
941,Layla Doe,zw2uhbp5@example.com,100000.0,Data Scientist
942,Sarah Hassan,yt1ak1bg@outlook.com,100000.0,IT Manager
943,Michael Miller,4uxlzmsd@yahoo.com,83361.95,Product Manager
944,Fatima Kamel,6pnlnilc@solix-agent.ai,100000.0,Product Manager
945,Amir Davis,m9kjmabj@solix-agent.ai,99571.99,Product Manager
946,Emma Wilson,98wzwikr@datafactory.io,81532.26,Product Manager
947,Grace Smith,uwaznfu1@outlook.com,97888.43,Data Scientist
948,Charlie Thomas,rjf0a3ff@outlook.com,81706.25,DevOps Engineer
949,David Wilson,9mg7zbau@outlook.com,100000.0,IT Manager
950,Layla Thomas,zvokx49y@outlook.com,65210.06,Software Engineer
951,Henry Wilson,idrgj0sa@solix-agent.ai,54670.9,DevOps Engineer
952,Grace Doe,zjnzms93@datafactory.io,100000.0,Product Manager
953,Henry Al-Farsi,ionp79f2@solix-agent.ai,70196.58,DevOps Engineer
954,Mariam Thomas,ibenthsb@gmail.com,100000.0,IT Manager
955,Michael Brown,cj0lvshm@solix-agent.ai,60872.71,Software Engineer
956,Fatima Mansour,l3cxlxcf@outlook.com,69715.97,Software Engineer
957,Charlie Wilson,3fi8umac@solix-agent.ai,100000.0,IT Manager
958,Youssef Brown,aqcdihl6@outlook.com,100000.0,IT Manager
959,Charlie Smith,w08z6sli@datafactory.io,100000.0,Product Manager
960,Alice Doe,dv3daw6o@example.com,78088.05,Software Engineer
961,Emma Al-Farsi,v1bcc8u4@solix-agent.ai,87811.16,DevOps Engineer
962,Mariam Miller,tvienmsy@solix-agent.ai,64698.11,Data Scientist
963,Amir Davis,mr4mxl1k@outlook.com,73201.79,Data Scientist
964,David Thomas,ka03he4z@outlook.com,100000.0,IT Manager
965,Charlie Thomas,i6sf8yqy@yahoo.com,92007.87,Product Manager
966,Alice Miller,g3kwbwqj@gmail.com,97451.87,Data Scientist
967,Bob Miller,ir87lc75@datafactory.io,74142.14,Software Engineer
968,Charlie Wilson,gm36a13d@gmail.com,77902.29,IT Manager
969,Grace Thomas,od7y98r6@yahoo.com,69742.71,DevOps Engineer
970,Frank Kamel,1g298xgg@example.com,100000.0,IT Manager
971,Emma Thomas,5m8uacih@outlook.com,96304.03,DevOps Engineer
972,Fatima Hassan,55sgl55m@gmail.com,98180.47,IT Manager
973,John Wilson,5mfirmc6@example.com,100000.0,IT Manager
974,Alice Brown,0omj5i06@outlook.com,100000.0,IT Manager
975,Mariam Wilson,9qo9g36w@yahoo.com,55557.17,DevOps Engineer
976,John Al-Farsi,miy0tnfu@datafactory.io,92460.56,DevOps Engineer
977,Henry Hassan,7dtk9tu4@yahoo.com,100000.0,IT Manager
978,Grace Wilson,pjitvg6l@solix-agent.ai,60626.09,Data Scientist
979,Omar Johnson,70lr3nle@solix-agent.ai,92354.09,Product Manager
980,Frank Kamel,qfr1j03s@outlook.com,100000.0,Product Manager
981,Jane Anderson,x6gb8rr9@solix-agent.ai,85398.43,Product Manager
982,Michael Thomas,ivrtyiy4@example.com,80436.84,DevOps Engineer
983,Bob Miller,d940emdn@datafactory.io,72470.14,DevOps Engineer
984,Sarah Thomas,da9bogsl@example.com,82478.28,Data Scientist
985,Bob Doe,t0snkd5u@datafactory.io,91397.57,Product Manager
986,Sarah Wilson,0zkbdda1@gmail.com,100000.0,Product Manager
987,Bob Anderson,m6a9acxa@gmail.com,78098.31,IT Manager
988,Jane Jackson,fy3z0k98@gmail.com,82506.14,DevOps Engineer
989,Omar Miller,4i4frtu8@solix-agent.ai,87206.95,Product Manager
990,Alice Johnson,mjyvzwry@datafactory.io,77050.89,Data Scientist
991,Jane Smith,e8ieg8tl@datafactory.io,91209.76,Data Scientist
992,Amir Taylor,l0lq31m5@solix-agent.ai,100000.0,Product Manager
993,John Wilson,o3rykqaw@yahoo.com,85007.62,DevOps Engineer
994,Emma Hassan,5hq6erk6@datafactory.io,57665.94,Data Scientist
995,John Johnson,leuq7mm0@solix-agent.ai,90386.43,IT Manager
996,John Taylor,18yrer9m@example.com,100000.0,Data Scientist
997,Michael Brown,9xkz6y13@datafactory.io,73031.51,Software Engineer
998,David Anderson,4hfe60l0@example.com,71703.78,Software Engineer
999,Youssef Mansour,w0nuaxgm@gmail.com,92123.87,DevOps Engineer
1000,David Anderson,g4g3few3@datafactory.io,86261.28,Product Manager
