id,store_name,email,phone_number,store_address
1,شركة التقنية المتقدمة,fu3c33ic@datafactory.io,+966 566158433,طريق الملك فهد، دبي، 50477
2,مجموعة الفوزان,iu4ltvg5@yahoo.com,+966 555843546,شارع التخصصي، الإسكندرية، 76655
3,مؤسسة الحلول الرقمية,x1m7kx19@gmail.com,+966 515587749,شارع جامعة الدول العربية، الإسكندرية، 16054
4,شركة الرياض للتجارة,f0fifxce@example.com,+966 563039594,شارع الملك عبد العزيز، جدة، 70967
5,مجموعة الفوزان,z1oyom24@example.com,+966 592465132,شارع الملك عبد العزيز، الدمام، 32467
6,مجموعة الفوزان,fhjdr9ql@outlook.com,+966 516150477,شارع التخصصي، الرياض، 26869
7,شركة التقنية المتقدمة,tiieoyu1@datafactory.io,+966 539983353,شارع التخصصي، دبي، 15192
8,مجموعة الفوزان,jvk3oo0c@yahoo.com,+966 523502682,شارع الملك عبد العزيز، مكة المكرمة، 34134
9,مؤسسة الحلول الرقمية,s81ajc7o@gmail.com,+966 588056318,شارع جامعة الدول العربية، مكة المكرمة، 31363
10,مؤسسة الحلول الرقمية,5rcj5adm@gmail.com,+966 524034631,شارع التخصصي، مكة المكرمة، 74373
11,شركة التقنية المتقدمة,osleu6lw@gmail.com,+966 526172785,شارع العليا، مكة المكرمة، 62257
12,مجموعة الفوزان,zdflycc8@datafactory.io,+966 594755431,شارع جامعة الدول العربية، دبي، 42161
13,شركة الرياض للتجارة,3vfrahzx@outlook.com,+966 535654052,طريق الملك فهد، جدة، 91094
14,مجموعة الفوزان,9mrgdjyb@gmail.com,+966 554134863,شارع العليا، الدمام، 89632
15,شركة الرياض للتجارة,z7chlvss@gmail.com,+966 552652885,شارع التخصصي، جدة، 25975
16,شركة التقنية المتقدمة,owv6h0fp@datafactory.io,+966 597610830,شارع التخصصي، جدة، 13326
17,شركة التقنية المتقدمة,3lok4kj6@gmail.com,+966 562918216,شارع الملك عبد العزيز، الدمام، 92698
18,شركة التقنية المتقدمة,sklsml0t@datafactory.io,+966 585180648,شارع الملك عبد العزيز، جدة، 41020
19,مجموعة الفوزان,yb358mkp@yahoo.com,+966 531474092,شارع العليا، جدة، 96401
20,مجموعة الفوزان,pys3g7ky@yahoo.com,+966 581668354,شارع التخصصي، الإسكندرية، 60179
21,مجموعة الفوزان,z5mcs75e@outlook.com,+966 509445272,شارع التخصصي، دبي، 23543
22,مؤسسة الحلول الرقمية,9nr6kajs@outlook.com,+966 589385843,شارع التخصصي، الدمام، 67859
23,مؤسسة الحلول الرقمية,tc21ihvy@gmail.com,+966 529688427,شارع جامعة الدول العربية، دبي، 59484
24,مؤسسة الحلول الرقمية,f5aor3s1@example.com,+966 503765621,طريق الملك فهد، جدة، 90457
25,شركة الرياض للتجارة,jeru8v4e@example.com,+966 516577899,طريق الملك فهد، دبي، 14334
26,مجموعة الفوزان,wc90z7th@outlook.com,+966 539586376,شارع جامعة الدول العربية، القاهرة، 74251
27,شركة التقنية المتقدمة,iy7mt8lv@yahoo.com,+966 581727369,شارع التخصصي، القاهرة، 59564
28,مجموعة الفوزان,7frqrn32@solix-agent.ai,+966 533034107,شارع الملك عبد العزيز، الدمام، 42719
29,شركة التقنية المتقدمة,mnylo5vw@yahoo.com,+966 553882247,طريق الملك فهد، دبي، 57976
30,شركة الرياض للتجارة,cauy5v18@datafactory.io,+966 549522449,شارع جامعة الدول العربية، الدمام، 44182
31,مجموعة الفوزان,7grrqzpa@yahoo.com,+966 573695421,طريق الملك فهد، الرياض، 86599
32,شركة الرياض للتجارة,164m47qw@solix-agent.ai,+966 586396235,شارع جامعة الدول العربية، مكة المكرمة، 26260
33,شركة التقنية المتقدمة,2e9zbntk@example.com,+966 516379278,شارع العليا، دبي، 89310
34,مجموعة الفوزان,qrver990@yahoo.com,+966 574723399,شارع التخصصي، الإسكندرية، 67182
35,مجموعة الفوزان,wf2up5uj@outlook.com,+966 511710924,شارع الملك عبد العزيز، الرياض، 46842
36,شركة الرياض للتجارة,6clwc7g4@solix-agent.ai,+966 592759732,شارع الملك عبد العزيز، القاهرة، 63314
37,شركة الرياض للتجارة,bjx5ra4c@example.com,+966 509294489,شارع التخصصي، القاهرة، 67242
38,شركة التقنية المتقدمة,nsu3lxns@gmail.com,+966 576190460,شارع التخصصي، دبي، 30324
39,مؤسسة الحلول الرقمية,7a9b9z07@datafactory.io,+966 545319372,شارع العليا، القاهرة، 62071
40,مجموعة الفوزان,pixw6es5@example.com,+966 597764989,طريق الملك فهد، الرياض، 66402
41,شركة التقنية المتقدمة,3l5l55cd@example.com,+966 549063296,طريق الملك فهد، الدمام، 44421
42,شركة التقنية المتقدمة,72ddp5mf@gmail.com,+966 586286122,شارع العليا، دبي، 63004
43,شركة الرياض للتجارة,k8w595hl@datafactory.io,+966 585806436,شارع جامعة الدول العربية، مكة المكرمة، 65140
44,شركة التقنية المتقدمة,b1bpfs37@gmail.com,+966 528255070,شارع جامعة الدول العربية، جدة، 80971
45,مجموعة الفوزان,b5i7er72@gmail.com,+966 593406511,شارع جامعة الدول العربية، مكة المكرمة، 78579
46,شركة التقنية المتقدمة,h6o2j6eb@example.com,+966 524148666,شارع جامعة الدول العربية، مكة المكرمة، 41782
47,مؤسسة الحلول الرقمية,gfv7tcx6@outlook.com,+966 587109062,طريق الملك فهد، جدة، 75844
48,شركة الرياض للتجارة,g9a6r1uf@example.com,+966 587644179,شارع جامعة الدول العربية، الرياض، 31303
49,شركة الرياض للتجارة,n62gvt5t@outlook.com,+966 525099449,شارع التخصصي، الرياض، 93726
50,مجموعة الفوزان,5q19kitz@datafactory.io,+966 569274798,طريق الملك فهد، الإسكندرية، 34769
51,مجموعة الفوزان,4d4dgl4q@example.com,+966 553817806,شارع التخصصي، الرياض، 91073
52,شركة الرياض للتجارة,vqz1ef02@yahoo.com,+966 501462051,شارع الملك عبد العزيز، مكة المكرمة، 57502
53,شركة الرياض للتجارة,4opx4lw1@outlook.com,+966 526625102,شارع التخصصي، مكة المكرمة، 28099
54,مجموعة الفوزان,4jjk7q5d@datafactory.io,+966 539164294,طريق الملك فهد، الدمام، 60636
55,شركة التقنية المتقدمة,qbwj2qsz@datafactory.io,+966 521143042,شارع العليا، القاهرة، 77288
56,مجموعة الفوزان,lgh5hwqs@datafactory.io,+966 589649752,شارع جامعة الدول العربية، الإسكندرية، 65056
57,شركة الرياض للتجارة,cgrzvr2k@example.com,+966 576930075,شارع جامعة الدول العربية، الإسكندرية، 40477
58,شركة التقنية المتقدمة,4cxawgm1@outlook.com,+966 509799932,شارع جامعة الدول العربية، دبي، 83291
59,مؤسسة الحلول الرقمية,1saahfy8@yahoo.com,+966 525538013,شارع التخصصي، دبي، 16072
60,شركة التقنية المتقدمة,afw1mtdj@outlook.com,+966 577904151,شارع التخصصي، مكة المكرمة، 18078
61,شركة الرياض للتجارة,6gcnaf82@gmail.com,+966 578711451,شارع التخصصي، الدمام، 22750
62,مؤسسة الحلول الرقمية,62xy5x5d@solix-agent.ai,+966 538992789,طريق الملك فهد، الدمام، 85379
63,مؤسسة الحلول الرقمية,kdfe7mgu@datafactory.io,+966 531679006,شارع العليا، جدة، 98831
64,مجموعة الفوزان,zki1z130@yahoo.com,+966 506505764,طريق الملك فهد، القاهرة، 35283
65,مؤسسة الحلول الرقمية,admk0iki@datafactory.io,+966 592488426,شارع التخصصي، الرياض، 72702
66,شركة التقنية المتقدمة,jmyiiwcf@solix-agent.ai,+966 588325693,طريق الملك فهد، الإسكندرية، 69445
67,شركة الرياض للتجارة,ydzrd67i@outlook.com,+966 593726763,شارع التخصصي، دبي، 99608
68,مجموعة الفوزان,sfrft0l5@example.com,+966 507077103,شارع جامعة الدول العربية، جدة، 66805
69,مؤسسة الحلول الرقمية,nmcsggwe@gmail.com,+966 599709764,شارع جامعة الدول العربية، الرياض، 45547
70,شركة التقنية المتقدمة,ncjiysfs@outlook.com,+966 594533057,شارع الملك عبد العزيز، جدة، 86867
71,شركة التقنية المتقدمة,r5fcetxi@outlook.com,+966 596419730,شارع الملك عبد العزيز، جدة، 42247
72,مؤسسة الحلول الرقمية,rhadpjld@datafactory.io,+966 545829029,شارع التخصصي، جدة، 90546
73,مؤسسة الحلول الرقمية,8w404k29@datafactory.io,+966 575388524,شارع جامعة الدول العربية، الدمام، 82158
74,شركة التقنية المتقدمة,qb1774f9@datafactory.io,+966 546904444,شارع العليا، الإسكندرية، 76612
75,مجموعة الفوزان,z4pyium6@outlook.com,+966 555996999,شارع الملك عبد العزيز، القاهرة، 87012
76,شركة التقنية المتقدمة,rux0rc7c@datafactory.io,+966 551369448,شارع العليا، جدة، 26013
77,شركة الرياض للتجارة,k722t1uc@yahoo.com,+966 564029545,شارع جامعة الدول العربية، الدمام، 33529
78,شركة التقنية المتقدمة,cdkc4o8z@datafactory.io,+966 516884764,شارع جامعة الدول العربية، الإسكندرية، 27797
79,مجموعة الفوزان,8v5ylf5o@yahoo.com,+966 504994727,شارع التخصصي، القاهرة، 16479
80,شركة التقنية المتقدمة,9n2l2cw8@datafactory.io,+966 535267514,شارع الملك عبد العزيز، مكة المكرمة، 22130
81,شركة التقنية المتقدمة,e9whpa6s@datafactory.io,+966 533900316,شارع التخصصي، مكة المكرمة، 29568
82,شركة التقنية المتقدمة,0e1lpsjb@datafactory.io,+966 509471219,طريق الملك فهد، مكة المكرمة، 88655
83,مجموعة الفوزان,7enayicz@outlook.com,+966 517588619,طريق الملك فهد، القاهرة، 59797
84,شركة الرياض للتجارة,edhhetkj@yahoo.com,+966 504548053,شارع العليا، دبي، 36906
85,شركة الرياض للتجارة,mjhsklvj@yahoo.com,+966 528742106,شارع العليا، الرياض، 12430
86,شركة التقنية المتقدمة,me7oh9sv@gmail.com,+966 598550380,طريق الملك فهد، دبي، 19889
87,مجموعة الفوزان,fnhmyh48@datafactory.io,+966 533114705,طريق الملك فهد، جدة، 14208
88,شركة الرياض للتجارة,s9826pn6@datafactory.io,+966 568896439,شارع التخصصي، مكة المكرمة، 38365
89,شركة الرياض للتجارة,mgol7ncm@outlook.com,+966 506199641,شارع الملك عبد العزيز، مكة المكرمة، 74732
90,مؤسسة الحلول الرقمية,okd5sbju@yahoo.com,+966 587795220,شارع التخصصي، الإسكندرية، 16212
91,مؤسسة الحلول الرقمية,evszbibs@datafactory.io,+966 554962187,شارع التخصصي، جدة، 71748
92,شركة الرياض للتجارة,xx6ih8x6@solix-agent.ai,+966 547941307,شارع الملك عبد العزيز، الرياض، 36980
93,شركة الرياض للتجارة,f7zf3kk6@solix-agent.ai,+966 577720024,شارع جامعة الدول العربية، الدمام، 42700
94,مجموعة الفوزان,8cini673@gmail.com,+966 551398028,طريق الملك فهد، دبي، 53291
95,شركة الرياض للتجارة,pdw5vb7f@yahoo.com,+966 544702621,شارع الملك عبد العزيز، القاهرة، 63822
96,شركة الرياض للتجارة,nx203y6u@example.com,+966 575026817,شارع العليا، مكة المكرمة، 36319
97,مؤسسة الحلول الرقمية,5qh0vz0o@datafactory.io,+966 502745570,شارع التخصصي، الدمام، 29167
98,شركة التقنية المتقدمة,h6rvjkru@example.com,+966 573440153,طريق الملك فهد، الدمام، 59947
99,مجموعة الفوزان,scov3ow5@gmail.com,+966 594798768,شارع العليا، دبي، 44153
100,مجموعة الفوزان,2e5jkye4@outlook.com,+966 509537531,شارع التخصصي، الإسكندرية، 24753
101,شركة الرياض للتجارة,vna0735z@gmail.com,+966 509983661,شارع جامعة الدول العربية، مكة المكرمة، 69863
102,مجموعة الفوزان,n8wt8unl@gmail.com,+966 584411428,شارع التخصصي، مكة المكرمة، 58115
103,مجموعة الفوزان,je81rwr7@example.com,+966 562001145,شارع جامعة الدول العربية، دبي، 71049
104,شركة الرياض للتجارة,y4mvwdpd@datafactory.io,+966 548907151,شارع جامعة الدول العربية، الرياض، 44880
105,مؤسسة الحلول الرقمية,advtjaqp@datafactory.io,+966 591474004,شارع جامعة الدول العربية، الدمام، 10974
106,شركة التقنية المتقدمة,lc6q2vax@example.com,+966 535879028,شارع جامعة الدول العربية، جدة، 27667
107,شركة التقنية المتقدمة,y2rco1fy@datafactory.io,+966 515789819,شارع جامعة الدول العربية، دبي، 94490
108,شركة التقنية المتقدمة,m8z5ed4v@yahoo.com,+966 595254547,شارع العليا، جدة، 54320
109,شركة التقنية المتقدمة,zc3t6ws6@example.com,+966 535948482,شارع التخصصي، الإسكندرية، 97371
110,شركة التقنية المتقدمة,adrwaqkf@yahoo.com,+966 582810777,شارع جامعة الدول العربية، جدة، 68108
111,شركة التقنية المتقدمة,rzuu16m5@gmail.com,+966 573683581,شارع العليا، جدة، 31735
112,شركة الرياض للتجارة,iz5olmxn@outlook.com,+966 523804029,شارع جامعة الدول العربية، الإسكندرية، 87028
113,مؤسسة الحلول الرقمية,6rh9nr16@solix-agent.ai,+966 521996479,شارع الملك عبد العزيز، جدة، 68231
114,شركة الرياض للتجارة,qs7lne02@outlook.com,+966 552213108,شارع التخصصي، الإسكندرية، 27850
115,مؤسسة الحلول الرقمية,ukubhfg8@datafactory.io,+966 541889025,شارع العليا، دبي، 19935
116,مجموعة الفوزان,927pdjhy@datafactory.io,+966 548095917,شارع التخصصي، القاهرة، 68706
117,شركة الرياض للتجارة,d3w43sk7@yahoo.com,+966 513309784,طريق الملك فهد، الإسكندرية، 12282
118,شركة التقنية المتقدمة,69qclrbl@outlook.com,+966 535102013,شارع العليا، جدة، 24552
119,شركة الرياض للتجارة,n2wg460o@yahoo.com,+966 568315973,شارع الملك عبد العزيز، الرياض، 99188
120,شركة الرياض للتجارة,lpwq11de@example.com,+966 533426219,شارع العليا، الإسكندرية، 21634
121,شركة التقنية المتقدمة,59toy85r@yahoo.com,+966 553348083,طريق الملك فهد، مكة المكرمة، 29625
122,شركة التقنية المتقدمة,so1n4kup@gmail.com,+966 548999408,شارع التخصصي، دبي، 19663
123,مؤسسة الحلول الرقمية,g99mzwhe@solix-agent.ai,+966 571934028,شارع العليا، الرياض، 65440
124,شركة التقنية المتقدمة,3sjk3yp3@example.com,+966 507269169,شارع العليا، جدة، 66100
125,مؤسسة الحلول الرقمية,1tj8npue@gmail.com,+966 568490262,شارع العليا، مكة المكرمة، 36112
126,مؤسسة الحلول الرقمية,nxya6ped@example.com,+966 549824649,طريق الملك فهد، الإسكندرية، 41119
127,شركة التقنية المتقدمة,nzpquhhj@yahoo.com,+966 512523996,طريق الملك فهد، الرياض، 25617
128,شركة التقنية المتقدمة,obmx2qhf@gmail.com,+966 521429713,شارع التخصصي، دبي، 40078
129,شركة التقنية المتقدمة,oqw98kov@gmail.com,+966 503976415,طريق الملك فهد، مكة المكرمة، 19307
130,مجموعة الفوزان,4f4ffpjr@yahoo.com,+966 564814429,شارع الملك عبد العزيز، القاهرة، 11813
131,مؤسسة الحلول الرقمية,sbxgzz3l@example.com,+966 506420171,شارع العليا، جدة، 25688
132,مجموعة الفوزان,0pkj2fcn@gmail.com,+966 538320893,طريق الملك فهد، الرياض، 75389
133,مجموعة الفوزان,vhw23jjq@yahoo.com,+966 514032016,شارع الملك عبد العزيز، دبي، 98752
134,شركة الرياض للتجارة,denezcuw@solix-agent.ai,+966 576314745,طريق الملك فهد، الدمام، 42910
135,شركة التقنية المتقدمة,o9ybi2o7@datafactory.io,+966 567679525,شارع العليا، القاهرة، 22447
136,شركة التقنية المتقدمة,d30wk0sz@outlook.com,+966 517146187,شارع جامعة الدول العربية، القاهرة، 44985
137,شركة التقنية المتقدمة,znv28hr0@outlook.com,+966 503090005,شارع جامعة الدول العربية، الإسكندرية، 42464
138,مجموعة الفوزان,f9ir2poy@solix-agent.ai,+966 513677739,شارع العليا، الدمام، 92128
139,شركة الرياض للتجارة,sk8vjrkf@example.com,+966 536150008,شارع جامعة الدول العربية، الإسكندرية، 82056
140,شركة التقنية المتقدمة,asgr6yd8@solix-agent.ai,+966 525034742,شارع جامعة الدول العربية، دبي، 66652
141,شركة التقنية المتقدمة,dnpd2qyq@gmail.com,+966 524562065,شارع الملك عبد العزيز، الدمام، 56766
142,شركة الرياض للتجارة,z5f7qqay@yahoo.com,+966 516936189,طريق الملك فهد، الإسكندرية، 71160
143,مجموعة الفوزان,rhi312sq@solix-agent.ai,+966 583255950,شارع جامعة الدول العربية، الرياض، 38990
144,مؤسسة الحلول الرقمية,lpl2g3w2@solix-agent.ai,+966 539007351,شارع الملك عبد العزيز، الرياض، 85760
145,شركة الرياض للتجارة,eldfn69i@gmail.com,+966 537547294,شارع العليا، القاهرة، 15412
146,شركة التقنية المتقدمة,6caycdqd@yahoo.com,+966 584731027,طريق الملك فهد، القاهرة، 94489
147,مؤسسة الحلول الرقمية,0yjm2tlt@datafactory.io,+966 536896340,طريق الملك فهد، جدة، 81308
148,مؤسسة الحلول الرقمية,ok7wcx73@example.com,+966 575899970,شارع الملك عبد العزيز، دبي، 32842
149,مجموعة الفوزان,f4s6biz1@datafactory.io,+966 589524003,شارع العليا، الدمام، 38157
150,شركة التقنية المتقدمة,q5d5lky5@datafactory.io,+966 551989914,شارع العليا، الدمام، 52116
151,شركة التقنية المتقدمة,g3zy8dqj@example.com,+966 536005622,شارع العليا، الدمام، 73256
152,مؤسسة الحلول الرقمية,0d2tiwio@solix-agent.ai,+966 565786748,شارع الملك عبد العزيز، الرياض، 42738
153,مجموعة الفوزان,3ueycxqj@solix-agent.ai,+966 597616349,طريق الملك فهد، جدة، 84143
154,مؤسسة الحلول الرقمية,md4sx9ka@outlook.com,+966 586144830,طريق الملك فهد، مكة المكرمة، 95982
155,مؤسسة الحلول الرقمية,j3vbtwfc@yahoo.com,+966 511567856,شارع الملك عبد العزيز، دبي، 80541
156,مجموعة الفوزان,h2qruba9@gmail.com,+966 579482599,طريق الملك فهد، دبي، 20968
157,مؤسسة الحلول الرقمية,9l2t85mw@outlook.com,+966 537468514,شارع جامعة الدول العربية، القاهرة، 76623
158,شركة التقنية المتقدمة,fesgvzdt@gmail.com,+966 511232077,شارع الملك عبد العزيز، الرياض، 54165
159,شركة الرياض للتجارة,88woxbev@example.com,+966 584702965,شارع التخصصي، الرياض، 57780
160,شركة الرياض للتجارة,2fi8n3yi@datafactory.io,+966 506203507,طريق الملك فهد، مكة المكرمة، 51996
161,مجموعة الفوزان,8c5xzzg5@outlook.com,+966 543496861,شارع التخصصي، دبي، 96866
162,شركة التقنية المتقدمة,q13dvfcf@solix-agent.ai,+966 571123952,شارع التخصصي، الرياض، 88431
163,مؤسسة الحلول الرقمية,cijgtfjl@example.com,+966 576099324,شارع الملك عبد العزيز، مكة المكرمة، 97172
164,مجموعة الفوزان,irg0p70c@yahoo.com,+966 577402766,شارع جامعة الدول العربية، دبي، 64147
165,شركة الرياض للتجارة,q7itelzn@outlook.com,+966 515250685,شارع جامعة الدول العربية، جدة، 85582
166,شركة التقنية المتقدمة,ofx2b1gx@solix-agent.ai,+966 505715841,شارع جامعة الدول العربية، الدمام، 82403
167,شركة التقنية المتقدمة,fum7cqt8@datafactory.io,+966 554613974,شارع العليا، الدمام، 34101
168,مؤسسة الحلول الرقمية,plwjqfas@solix-agent.ai,+966 599422834,شارع التخصصي، الإسكندرية، 22395
169,مؤسسة الحلول الرقمية,e5kdwkci@solix-agent.ai,+966 533051783,شارع العليا، الرياض، 35355
170,مؤسسة الحلول الرقمية,79r4npbv@solix-agent.ai,+966 541019469,شارع جامعة الدول العربية، الرياض، 94260
171,شركة التقنية المتقدمة,gm0glyf1@solix-agent.ai,+966 551438670,طريق الملك فهد، الإسكندرية، 88157
172,مؤسسة الحلول الرقمية,zpz5iyx2@yahoo.com,+966 522578771,شارع التخصصي، الرياض، 95529
173,مجموعة الفوزان,fx2lwda6@gmail.com,+966 563065357,شارع التخصصي، الرياض، 62576
174,مجموعة الفوزان,qtfqrkj9@outlook.com,+966 565346701,شارع الملك عبد العزيز، الرياض، 28151
175,مؤسسة الحلول الرقمية,dwx7f8b8@gmail.com,+966 575279246,شارع جامعة الدول العربية، القاهرة، 72132
176,مؤسسة الحلول الرقمية,7lesbnve@yahoo.com,+966 503720331,طريق الملك فهد، جدة، 97640
177,شركة التقنية المتقدمة,4sz8s1vf@gmail.com,+966 566268173,شارع جامعة الدول العربية، الإسكندرية، 11023
178,شركة التقنية المتقدمة,w0jdwsfn@outlook.com,+966 569728372,شارع جامعة الدول العربية، جدة، 37033
179,شركة الرياض للتجارة,f1umzpzl@solix-agent.ai,+966 583757824,شارع جامعة الدول العربية، القاهرة، 69825
180,شركة الرياض للتجارة,t91sze5a@solix-agent.ai,+966 556753632,طريق الملك فهد، مكة المكرمة، 63771
181,مؤسسة الحلول الرقمية,jl6mw0vm@outlook.com,+966 579311390,طريق الملك فهد، جدة، 21598
182,شركة التقنية المتقدمة,t1zri1dr@yahoo.com,+966 541937736,شارع جامعة الدول العربية، دبي، 65297
183,مؤسسة الحلول الرقمية,51jrnfh0@datafactory.io,+966 506388632,شارع العليا، الدمام، 30271
184,شركة التقنية المتقدمة,la8s80ww@solix-agent.ai,+966 545306023,طريق الملك فهد، الدمام، 33029
185,شركة الرياض للتجارة,04hojqw1@solix-agent.ai,+966 504825626,شارع العليا، الرياض، 41649
186,شركة التقنية المتقدمة,yrdsvzwf@gmail.com,+966 599275389,طريق الملك فهد، مكة المكرمة، 41136
187,مجموعة الفوزان,o9v3wbkq@example.com,+966 577967436,شارع العليا، الإسكندرية، 76772
188,شركة التقنية المتقدمة,67ofw9r7@solix-agent.ai,+966 591014182,شارع جامعة الدول العربية، الرياض، 87228
189,مؤسسة الحلول الرقمية,jvpd2yxr@outlook.com,+966 538892590,شارع الملك عبد العزيز، دبي، 48133
190,شركة الرياض للتجارة,13uadpum@yahoo.com,+966 595744522,شارع العليا، الرياض، 50088
191,مجموعة الفوزان,m04as2cw@gmail.com,+966 585891412,شارع العليا، دبي، 38693
192,شركة التقنية المتقدمة,3pguenkx@yahoo.com,+966 532749844,شارع جامعة الدول العربية، القاهرة، 83328
193,مجموعة الفوزان,bogyukxy@outlook.com,+966 502908459,شارع جامعة الدول العربية، مكة المكرمة، 17044
194,شركة التقنية المتقدمة,qfficiqg@datafactory.io,+966 537029511,طريق الملك فهد، جدة، 94103
195,مجموعة الفوزان,4qm1b4qf@example.com,+966 526381585,شارع جامعة الدول العربية، دبي، 47835
196,مجموعة الفوزان,2q1yxfq8@solix-agent.ai,+966 526139106,شارع العليا، الإسكندرية، 13271
197,مؤسسة الحلول الرقمية,1gzjln50@datafactory.io,+966 583663099,شارع جامعة الدول العربية، القاهرة، 98145
198,شركة التقنية المتقدمة,1q0vj2pl@gmail.com,+966 513070064,شارع الملك عبد العزيز، الإسكندرية، 38114
199,شركة الرياض للتجارة,n9x2k9wx@solix-agent.ai,+966 526656429,شارع التخصصي، القاهرة، 52796
200,مجموعة الفوزان,fkzrirp2@solix-agent.ai,+966 541827142,شارع الملك عبد العزيز، الرياض، 45864
201,مجموعة الفوزان,obxxpok1@yahoo.com,+966 563571106,طريق الملك فهد، الدمام، 10948
202,شركة الرياض للتجارة,51t8zv8a@solix-agent.ai,+966 505722431,شارع التخصصي، جدة، 54688
203,شركة التقنية المتقدمة,jrftsybh@outlook.com,+966 522658654,شارع العليا، القاهرة، 85061
204,شركة الرياض للتجارة,59uz3hwq@example.com,+966 589257514,شارع الملك عبد العزيز، الإسكندرية، 53659
205,مؤسسة الحلول الرقمية,y810t3oa@datafactory.io,+966 576369031,شارع العليا، دبي، 66981
206,مؤسسة الحلول الرقمية,4vks2z0w@gmail.com,+966 544359422,شارع جامعة الدول العربية، جدة، 31694
207,مجموعة الفوزان,6c4g7ggu@gmail.com,+966 566919040,شارع العليا، دبي، 73100
208,مؤسسة الحلول الرقمية,ba3uwwn4@outlook.com,+966 595651497,شارع جامعة الدول العربية، القاهرة، 37710
209,شركة الرياض للتجارة,6v8rshpf@solix-agent.ai,+966 529372550,شارع الملك عبد العزيز، جدة، 81944
210,مؤسسة الحلول الرقمية,4u3ld191@datafactory.io,+966 544262734,طريق الملك فهد، جدة، 34425
211,شركة التقنية المتقدمة,01w7bhzz@example.com,+966 581473773,شارع الملك عبد العزيز، الإسكندرية، 41628
212,شركة الرياض للتجارة,y50v1k1x@example.com,+966 549700370,شارع الملك عبد العزيز، الرياض، 94609
213,شركة التقنية المتقدمة,arcdd8v8@yahoo.com,+966 576369429,شارع العليا، مكة المكرمة، 57193
214,مؤسسة الحلول الرقمية,u0n8fw23@example.com,+966 525192913,شارع الملك عبد العزيز، القاهرة، 46398
215,شركة الرياض للتجارة,sozah6wl@gmail.com,+966 501940037,شارع جامعة الدول العربية، القاهرة، 95015
216,شركة التقنية المتقدمة,mqbxdfxr@outlook.com,+966 506798262,شارع جامعة الدول العربية، جدة، 34257
217,شركة الرياض للتجارة,pbtbbthz@yahoo.com,+966 596693994,طريق الملك فهد، دبي، 76950
218,شركة الرياض للتجارة,1dxbnu8y@gmail.com,+966 549742648,طريق الملك فهد، الدمام، 52670
219,مؤسسة الحلول الرقمية,c0q0o7i8@solix-agent.ai,+966 528283902,طريق الملك فهد، الإسكندرية، 16987
220,شركة الرياض للتجارة,3s51r82y@datafactory.io,+966 545814394,شارع الملك عبد العزيز، دبي، 59205
221,مؤسسة الحلول الرقمية,w2v2kd0z@yahoo.com,+966 518256982,شارع التخصصي، القاهرة، 30884
222,مجموعة الفوزان,tifbcn8p@example.com,+966 576883269,شارع العليا، مكة المكرمة، 78135
223,شركة التقنية المتقدمة,f9d5pdta@outlook.com,+966 548884698,طريق الملك فهد، الدمام، 56314
224,شركة التقنية المتقدمة,etarbbh4@solix-agent.ai,+966 527634125,شارع الملك عبد العزيز، مكة المكرمة، 86040
225,شركة التقنية المتقدمة,0hqurx6k@outlook.com,+966 545347325,شارع الملك عبد العزيز، الرياض، 78697
226,شركة التقنية المتقدمة,caq5cfab@example.com,+966 544302999,شارع الملك عبد العزيز، الدمام، 49859
227,مجموعة الفوزان,qztg3l3v@solix-agent.ai,+966 588867648,طريق الملك فهد، دبي، 36850
228,مجموعة الفوزان,lz3r9o3j@solix-agent.ai,+966 556865247,طريق الملك فهد، الإسكندرية، 19997
229,مؤسسة الحلول الرقمية,o3kg2nvf@gmail.com,+966 559346896,شارع العليا، الدمام، 21256
230,مجموعة الفوزان,vvy2dkth@gmail.com,+966 582976672,شارع الملك عبد العزيز، القاهرة، 29575
231,شركة التقنية المتقدمة,g8e7lsq1@solix-agent.ai,+966 563691529,طريق الملك فهد، دبي، 22421
232,شركة التقنية المتقدمة,8ah0y3yi@outlook.com,+966 566511832,طريق الملك فهد، جدة، 61048
233,شركة التقنية المتقدمة,b9s93o3z@gmail.com,+966 526172853,شارع الملك عبد العزيز، القاهرة، 81317
234,مؤسسة الحلول الرقمية,5zkxqama@yahoo.com,+966 504418142,شارع العليا، دبي، 53785
235,شركة الرياض للتجارة,1i2uh1tp@yahoo.com,+966 506008426,شارع الملك عبد العزيز، القاهرة، 50435
236,مجموعة الفوزان,ujrcs3rm@outlook.com,+966 549828488,شارع جامعة الدول العربية، القاهرة، 72933
237,شركة الرياض للتجارة,u7ka4iso@example.com,+966 537439921,شارع الملك عبد العزيز، دبي، 64895
238,مجموعة الفوزان,2fsr4cuz@datafactory.io,+966 572765492,طريق الملك فهد، الدمام، 39184
239,شركة التقنية المتقدمة,e3bgbcqp@outlook.com,+966 586358134,طريق الملك فهد، الدمام، 39245
240,شركة التقنية المتقدمة,yvt4qjyw@example.com,+966 567509364,شارع الملك عبد العزيز، الرياض، 90748
241,شركة الرياض للتجارة,f3bmnyr1@outlook.com,+966 565921644,شارع التخصصي، الدمام، 33770
242,شركة التقنية المتقدمة,jpjajrhf@solix-agent.ai,+966 597681418,شارع الملك عبد العزيز، جدة، 62416
243,مجموعة الفوزان,s4pjh64u@yahoo.com,+966 593272613,شارع العليا، مكة المكرمة، 52777
244,شركة التقنية المتقدمة,9m7qkw3f@datafactory.io,+966 531651103,طريق الملك فهد، مكة المكرمة، 69046
245,مؤسسة الحلول الرقمية,lszjgegx@outlook.com,+966 533013182,شارع جامعة الدول العربية، الإسكندرية، 16051
246,مجموعة الفوزان,j6sjgi7e@yahoo.com,+966 508481054,شارع جامعة الدول العربية، دبي، 24690
247,شركة الرياض للتجارة,7makddbj@gmail.com,+966 563844780,شارع التخصصي، دبي، 49961
248,مجموعة الفوزان,dh5ybm1s@example.com,+966 507424141,شارع العليا، الإسكندرية، 11555
249,مؤسسة الحلول الرقمية,a7rl8urw@outlook.com,+966 518834508,شارع التخصصي، مكة المكرمة، 16470
250,شركة التقنية المتقدمة,791ysja5@yahoo.com,+966 502715104,شارع التخصصي، القاهرة، 63941
251,مؤسسة الحلول الرقمية,omhjcn16@example.com,+966 597589617,شارع الملك عبد العزيز، القاهرة، 64363
252,مجموعة الفوزان,1cp1uyq7@example.com,+966 587759468,شارع العليا، الدمام، 49277
253,شركة التقنية المتقدمة,clcdl2vc@gmail.com,+966 522911556,شارع جامعة الدول العربية، دبي، 19818
254,شركة الرياض للتجارة,r1hywxhu@yahoo.com,+966 522192314,شارع التخصصي، القاهرة، 37868
255,شركة الرياض للتجارة,syouooul@outlook.com,+966 516482661,شارع العليا، الإسكندرية، 38905
256,شركة التقنية المتقدمة,3ahnltu8@datafactory.io,+966 556128415,شارع الملك عبد العزيز، مكة المكرمة، 24714
257,مؤسسة الحلول الرقمية,uk6r1eyq@example.com,+966 578613144,شارع العليا، الدمام، 64238
258,شركة التقنية المتقدمة,frbjhyna@example.com,+966 578605782,شارع العليا، جدة، 43157
259,مؤسسة الحلول الرقمية,bnyxt42z@datafactory.io,+966 538136048,طريق الملك فهد، الدمام، 85639
260,مجموعة الفوزان,weteay1a@outlook.com,+966 504272761,شارع الملك عبد العزيز، الرياض، 40606
261,مجموعة الفوزان,dzdvq71w@outlook.com,+966 566043943,شارع التخصصي، القاهرة، 75808
262,مؤسسة الحلول الرقمية,nrchjy5o@gmail.com,+966 516370372,طريق الملك فهد، مكة المكرمة، 98245
263,مجموعة الفوزان,n1rqkxfg@yahoo.com,+966 551432253,شارع جامعة الدول العربية، دبي، 44356
264,مجموعة الفوزان,v004wb21@datafactory.io,+966 549802415,طريق الملك فهد، دبي، 46505
265,شركة التقنية المتقدمة,wx5bbbjk@outlook.com,+966 591129718,شارع العليا، مكة المكرمة، 58283
266,مجموعة الفوزان,ficgjfds@example.com,+966 514622857,شارع الملك عبد العزيز، دبي، 73964
267,مؤسسة الحلول الرقمية,zpldwqzn@solix-agent.ai,+966 556703638,شارع الملك عبد العزيز، القاهرة، 81122
268,شركة الرياض للتجارة,k4fmab3y@datafactory.io,+966 576652555,شارع التخصصي، جدة، 39338
269,مجموعة الفوزان,47t8sigh@gmail.com,+966 519610423,شارع التخصصي، مكة المكرمة، 12120
270,شركة التقنية المتقدمة,vutlbe3t@example.com,+966 598033866,شارع التخصصي، دبي، 73499
271,مجموعة الفوزان,206lmvza@solix-agent.ai,+966 565667815,شارع العليا، الإسكندرية، 17844
272,مجموعة الفوزان,rak8wfne@yahoo.com,+966 528531958,شارع الملك عبد العزيز، جدة، 64385
273,شركة التقنية المتقدمة,wty5ej2y@outlook.com,+966 597024528,شارع التخصصي، جدة، 25479
274,شركة التقنية المتقدمة,e316gq92@example.com,+966 519135939,شارع الملك عبد العزيز، دبي، 19580
275,شركة الرياض للتجارة,tato1620@example.com,+966 542984539,شارع الملك عبد العزيز، جدة، 30420
276,مؤسسة الحلول الرقمية,symuzb2x@gmail.com,+966 557680905,شارع التخصصي، جدة، 49471
277,شركة التقنية المتقدمة,iug3gdrn@yahoo.com,+966 545345265,شارع الملك عبد العزيز، دبي، 62811
278,شركة الرياض للتجارة,tysreo43@solix-agent.ai,+966 515307139,شارع جامعة الدول العربية، مكة المكرمة، 48051
279,مؤسسة الحلول الرقمية,sfov6vfs@solix-agent.ai,+966 527986838,شارع الملك عبد العزيز، القاهرة، 63781
280,شركة التقنية المتقدمة,0qsjvbgz@yahoo.com,+966 571349330,شارع التخصصي، دبي، 51939
281,مجموعة الفوزان,bzcxqhr4@outlook.com,+966 583222994,شارع الملك عبد العزيز، جدة، 11953
282,مجموعة الفوزان,j6jovb25@example.com,+966 571147270,شارع جامعة الدول العربية، الرياض، 50878
283,شركة التقنية المتقدمة,2cke5qke@gmail.com,+966 508528340,شارع الملك عبد العزيز، جدة، 17760
284,شركة الرياض للتجارة,ycl8zq00@outlook.com,+966 505568917,شارع الملك عبد العزيز، مكة المكرمة، 17069
285,مؤسسة الحلول الرقمية,gglm0j3l@datafactory.io,+966 575833032,شارع الملك عبد العزيز، مكة المكرمة، 40473
286,مجموعة الفوزان,bd2vkya3@yahoo.com,+966 509174169,شارع التخصصي، مكة المكرمة، 32368
287,مجموعة الفوزان,i555gz57@datafactory.io,+966 572535005,شارع العليا، الرياض، 31537
288,مؤسسة الحلول الرقمية,sj8yglvw@datafactory.io,+966 552068248,شارع جامعة الدول العربية، الرياض، 53887
289,مؤسسة الحلول الرقمية,ky102c33@gmail.com,+966 594028912,شارع جامعة الدول العربية، جدة، 76211
290,مجموعة الفوزان,rpc09jhm@gmail.com,+966 572444166,شارع التخصصي، دبي، 88589
291,مؤسسة الحلول الرقمية,9mr9w5o2@solix-agent.ai,+966 531745124,شارع العليا، دبي، 96151
292,شركة الرياض للتجارة,ucyq1ji7@yahoo.com,+966 571402360,طريق الملك فهد، جدة، 85850
293,شركة الرياض للتجارة,uutlu53e@outlook.com,+966 586284794,شارع العليا، الرياض، 48460
294,مؤسسة الحلول الرقمية,eg7qjzej@gmail.com,+966 523145046,طريق الملك فهد، الإسكندرية، 45724
295,مؤسسة الحلول الرقمية,frncd30g@solix-agent.ai,+966 532072264,شارع جامعة الدول العربية، دبي، 33103
296,شركة التقنية المتقدمة,xkxl9dh8@solix-agent.ai,+966 522413385,شارع العليا، مكة المكرمة، 81355
297,مؤسسة الحلول الرقمية,kkxwzpg3@yahoo.com,+966 581245683,طريق الملك فهد، الإسكندرية، 13875
298,شركة الرياض للتجارة,ov4qcdwp@yahoo.com,+966 512432085,طريق الملك فهد، الرياض، 56931
299,مؤسسة الحلول الرقمية,0phhzv2y@datafactory.io,+966 587856703,شارع التخصصي، دبي، 17306
300,مؤسسة الحلول الرقمية,v7trncra@example.com,+966 582881312,شارع جامعة الدول العربية، مكة المكرمة، 29982
301,شركة التقنية المتقدمة,21hiqag7@outlook.com,+966 511235809,شارع الملك عبد العزيز، الدمام، 33186
302,مؤسسة الحلول الرقمية,lz22kxt8@solix-agent.ai,+966 589064667,شارع العليا، جدة، 82402
303,مؤسسة الحلول الرقمية,wj8256fs@example.com,+966 591366221,شارع الملك عبد العزيز، الدمام، 54732
304,شركة التقنية المتقدمة,fe91o58m@gmail.com,+966 529079814,شارع الملك عبد العزيز، الإسكندرية، 95546
305,شركة التقنية المتقدمة,7ys4inog@outlook.com,+966 533676398,شارع العليا، الإسكندرية، 24615
306,شركة التقنية المتقدمة,n8opt83j@gmail.com,+966 553237114,شارع العليا، مكة المكرمة، 18819
307,مؤسسة الحلول الرقمية,w9urbigu@outlook.com,+966 527106970,شارع التخصصي، الرياض، 99022
308,شركة التقنية المتقدمة,hva5472c@outlook.com,+966 561928611,شارع التخصصي، الرياض، 52656
309,شركة التقنية المتقدمة,syvz6o81@outlook.com,+966 507803188,شارع الملك عبد العزيز، جدة، 48498
310,مؤسسة الحلول الرقمية,7kv1qm4d@outlook.com,+966 572229145,شارع العليا، الرياض، 10582
311,شركة الرياض للتجارة,ctnqq0rx@gmail.com,+966 593981514,شارع الملك عبد العزيز، الإسكندرية، 42530
312,مجموعة الفوزان,ftu7o4gn@yahoo.com,+966 551399176,شارع العليا، جدة، 67474
313,شركة الرياض للتجارة,ulro04n3@gmail.com,+966 554632631,شارع الملك عبد العزيز، الإسكندرية، 28991
314,مجموعة الفوزان,dhjlgaxt@gmail.com,+966 559374063,شارع جامعة الدول العربية، دبي، 31647
315,شركة التقنية المتقدمة,vphv7zf1@datafactory.io,+966 502217398,شارع جامعة الدول العربية، مكة المكرمة، 18120
316,شركة الرياض للتجارة,je537yea@solix-agent.ai,+966 523095985,شارع الملك عبد العزيز، مكة المكرمة، 60211
317,شركة الرياض للتجارة,fu8q0j42@solix-agent.ai,+966 572409018,طريق الملك فهد، مكة المكرمة، 15157
318,مجموعة الفوزان,ww1dpsdr@gmail.com,+966 502708105,شارع العليا، دبي، 42536
319,شركة الرياض للتجارة,r0ot99zv@example.com,+966 542543166,شارع الملك عبد العزيز، جدة، 40683
320,مجموعة الفوزان,jia5ry60@solix-agent.ai,+966 599507051,طريق الملك فهد، مكة المكرمة، 35306
321,شركة الرياض للتجارة,v0w9krp5@example.com,+966 565259612,شارع الملك عبد العزيز، القاهرة، 95222
322,شركة التقنية المتقدمة,lny6ldur@example.com,+966 554855708,شارع الملك عبد العزيز، القاهرة، 71155
323,شركة الرياض للتجارة,fmdgynrs@datafactory.io,+966 504361217,شارع العليا، الدمام، 98335
324,مجموعة الفوزان,d7qrozg0@gmail.com,+966 518978894,شارع الملك عبد العزيز، الإسكندرية، 95832
325,مجموعة الفوزان,3uz377fo@outlook.com,+966 502831453,شارع جامعة الدول العربية، الإسكندرية، 28951
326,مجموعة الفوزان,6w72d5on@gmail.com,+966 523972941,شارع التخصصي، دبي، 46097
327,شركة التقنية المتقدمة,fpv77ehx@outlook.com,+966 561668530,طريق الملك فهد، الإسكندرية، 51632
328,مجموعة الفوزان,np71tqzh@solix-agent.ai,+966 505013258,شارع التخصصي، جدة، 59018
329,شركة التقنية المتقدمة,4sixykug@datafactory.io,+966 563202290,طريق الملك فهد، الإسكندرية، 87436
330,مجموعة الفوزان,4ppsiciy@gmail.com,+966 576557728,شارع الملك عبد العزيز، جدة، 43034
331,مجموعة الفوزان,c0ghplqh@solix-agent.ai,+966 541730830,طريق الملك فهد، دبي، 11720
332,مؤسسة الحلول الرقمية,2jyc9urq@outlook.com,+966 559543635,طريق الملك فهد، جدة، 33932
333,شركة الرياض للتجارة,7rje3ojs@datafactory.io,+966 565411226,شارع الملك عبد العزيز، جدة، 67168
334,مجموعة الفوزان,s5uptu7y@yahoo.com,+966 516287587,شارع التخصصي، دبي، 68031
335,مؤسسة الحلول الرقمية,70lsau6r@datafactory.io,+966 572630396,شارع العليا، دبي، 20945
336,شركة التقنية المتقدمة,5c6mne4q@yahoo.com,+966 561346409,شارع جامعة الدول العربية، الدمام، 48394
337,مؤسسة الحلول الرقمية,kpygj9g8@solix-agent.ai,+966 572753065,شارع الملك عبد العزيز، دبي، 48932
338,شركة التقنية المتقدمة,mmux25jy@gmail.com,+966 543730852,شارع العليا، جدة، 83654
339,مؤسسة الحلول الرقمية,fnklwch3@solix-agent.ai,+966 533459587,شارع الملك عبد العزيز، الإسكندرية، 57457
340,شركة التقنية المتقدمة,49m3q1fx@outlook.com,+966 594647421,شارع الملك عبد العزيز، الرياض، 71560
341,شركة الرياض للتجارة,wz1new2z@datafactory.io,+966 591877490,شارع التخصصي، الإسكندرية، 72826
342,شركة الرياض للتجارة,1kesigiq@datafactory.io,+966 533054442,شارع العليا، الدمام، 51827
343,شركة التقنية المتقدمة,4veonnyf@gmail.com,+966 581713683,شارع التخصصي، الإسكندرية، 30169
344,مجموعة الفوزان,hh8ybuqh@datafactory.io,+966 549650596,شارع جامعة الدول العربية، القاهرة، 81368
345,مؤسسة الحلول الرقمية,b1oc940x@yahoo.com,+966 503589985,شارع العليا، دبي، 41025
346,شركة التقنية المتقدمة,w7oxkg33@datafactory.io,+966 545808386,شارع العليا، القاهرة، 82566
347,مؤسسة الحلول الرقمية,180ku8dj@example.com,+966 523298666,شارع جامعة الدول العربية، الرياض، 84107
348,شركة التقنية المتقدمة,0ia7ulnm@example.com,+966 523981621,شارع العليا، الإسكندرية، 40607
349,شركة الرياض للتجارة,vjy4h9sa@datafactory.io,+966 598468669,طريق الملك فهد، الإسكندرية، 99835
350,مجموعة الفوزان,vj5vlmag@solix-agent.ai,+966 515885916,شارع التخصصي، القاهرة، 98386
351,مؤسسة الحلول الرقمية,ewrhwqqe@outlook.com,+966 578627613,شارع التخصصي، الدمام، 30479
352,مجموعة الفوزان,5e47nd1u@solix-agent.ai,+966 527369977,شارع التخصصي، الإسكندرية، 13769
353,مؤسسة الحلول الرقمية,2awa9kwm@outlook.com,+966 591188068,شارع العليا، الإسكندرية، 57982
354,شركة التقنية المتقدمة,1jd0i8k0@datafactory.io,+966 529038164,شارع العليا، جدة، 74044
355,مجموعة الفوزان,p0h29coo@yahoo.com,+966 568540561,شارع العليا، مكة المكرمة، 87874
356,مجموعة الفوزان,uqkjj6pb@datafactory.io,+966 587798934,شارع جامعة الدول العربية، مكة المكرمة، 68674
357,شركة الرياض للتجارة,3hw2y0yd@datafactory.io,+966 513298619,شارع الملك عبد العزيز، الرياض، 31864
358,مجموعة الفوزان,y6wghr9z@datafactory.io,+966 545774177,شارع التخصصي، القاهرة، 84763
359,مؤسسة الحلول الرقمية,9t9881hm@example.com,+966 552062129,شارع الملك عبد العزيز، جدة، 76436
360,شركة الرياض للتجارة,f5umyy6p@yahoo.com,+966 502346001,شارع جامعة الدول العربية، الإسكندرية، 58450
361,شركة التقنية المتقدمة,hwfe3qrh@datafactory.io,+966 547716092,شارع جامعة الدول العربية، الإسكندرية، 72815
362,مجموعة الفوزان,ycz9krw2@outlook.com,+966 525077540,شارع التخصصي، الدمام، 45194
363,شركة الرياض للتجارة,pytsq1ei@example.com,+966 559164019,شارع جامعة الدول العربية، دبي، 86272
364,مؤسسة الحلول الرقمية,ihgv5hto@datafactory.io,+966 534313593,شارع الملك عبد العزيز، الإسكندرية، 15554
365,شركة الرياض للتجارة,hlwfqpug@gmail.com,+966 521991611,شارع التخصصي، الرياض، 35660
366,شركة التقنية المتقدمة,3o61yd3b@example.com,+966 532841565,شارع الملك عبد العزيز، مكة المكرمة، 96283
367,شركة التقنية المتقدمة,e18axmz1@datafactory.io,+966 598109801,طريق الملك فهد، الرياض، 50451
368,شركة التقنية المتقدمة,6cyorg1w@outlook.com,+966 581809431,شارع العليا، الرياض، 50058
369,شركة الرياض للتجارة,0m55w630@yahoo.com,+966 536900215,شارع جامعة الدول العربية، دبي، 67633
370,شركة التقنية المتقدمة,ra4aic54@yahoo.com,+966 537856129,شارع التخصصي، الدمام، 53368
371,مؤسسة الحلول الرقمية,4zzayu12@solix-agent.ai,+966 515674540,شارع الملك عبد العزيز، مكة المكرمة، 46346
372,مجموعة الفوزان,1fvw1rle@example.com,+966 577015320,شارع التخصصي، مكة المكرمة، 33085
373,شركة الرياض للتجارة,fn1jf4jj@datafactory.io,+966 576742161,شارع التخصصي، الرياض، 47506
374,مؤسسة الحلول الرقمية,p5v7plo0@outlook.com,+966 518787092,شارع التخصصي، الرياض، 90633
375,شركة التقنية المتقدمة,romh0pr9@solix-agent.ai,+966 532013486,شارع الملك عبد العزيز، القاهرة، 27142
376,شركة التقنية المتقدمة,1nnq0we9@example.com,+966 591376204,شارع التخصصي، مكة المكرمة، 60963
377,شركة الرياض للتجارة,lyml2ef4@yahoo.com,+966 533678137,شارع الملك عبد العزيز، الدمام، 81983
378,مجموعة الفوزان,fk4fwq8g@yahoo.com,+966 577671628,طريق الملك فهد، الرياض، 10085
379,شركة التقنية المتقدمة,4jqf6r8v@datafactory.io,+966 533953999,شارع الملك عبد العزيز، الإسكندرية، 51127
380,مجموعة الفوزان,vvei0lh3@datafactory.io,+966 506282956,شارع التخصصي، الرياض، 80376
381,شركة التقنية المتقدمة,minad4al@gmail.com,+966 554476923,شارع التخصصي، دبي، 45073
382,مؤسسة الحلول الرقمية,6lynea98@datafactory.io,+966 553182990,شارع التخصصي، القاهرة، 46822
383,شركة الرياض للتجارة,z4ytm88f@outlook.com,+966 525892617,شارع العليا، الإسكندرية، 34624
384,شركة التقنية المتقدمة,2k2djlfl@yahoo.com,+966 539817977,شارع العليا، القاهرة، 54695
385,مجموعة الفوزان,qm8a2gx2@yahoo.com,+966 521684800,شارع الملك عبد العزيز، دبي، 17868
386,مجموعة الفوزان,gbv8fl0z@datafactory.io,+966 512008482,طريق الملك فهد، الدمام، 81706
387,شركة الرياض للتجارة,znvo0efz@yahoo.com,+966 524060260,شارع الملك عبد العزيز، القاهرة، 37410
388,مجموعة الفوزان,wastfvo3@outlook.com,+966 524305125,شارع العليا، دبي، 75153
389,مجموعة الفوزان,dn8wi33v@example.com,+966 558892087,شارع جامعة الدول العربية، دبي، 59997
390,شركة التقنية المتقدمة,n77bmkak@yahoo.com,+966 541855807,شارع العليا، مكة المكرمة، 27828
391,شركة التقنية المتقدمة,p2g9pf0f@outlook.com,+966 529377084,شارع العليا، الرياض، 18081
392,مجموعة الفوزان,76d3otrm@outlook.com,+966 524280138,شارع جامعة الدول العربية، القاهرة، 95298
393,مؤسسة الحلول الرقمية,cnbq6rj5@gmail.com,+966 578043606,شارع العليا، جدة، 27042
394,مجموعة الفوزان,upsa395c@yahoo.com,+966 572104096,شارع التخصصي، مكة المكرمة، 50670
395,شركة التقنية المتقدمة,gcvqu77q@datafactory.io,+966 534866288,شارع الملك عبد العزيز، الرياض، 93488
396,شركة الرياض للتجارة,5c0y36o0@outlook.com,+966 528759888,شارع الملك عبد العزيز، الرياض، 21628
397,شركة الرياض للتجارة,1jjzeplo@outlook.com,+966 564194352,طريق الملك فهد، القاهرة، 40450
398,مجموعة الفوزان,gh195r58@outlook.com,+966 595279018,طريق الملك فهد، دبي، 21089
399,شركة الرياض للتجارة,miir98sm@outlook.com,+966 547553602,شارع العليا، الإسكندرية، 38743
400,شركة الرياض للتجارة,i2707w2e@gmail.com,+966 545931769,شارع الملك عبد العزيز، جدة، 59759
401,مجموعة الفوزان,h0qkbf1z@datafactory.io,+966 541050895,شارع العليا، الدمام، 58156
402,شركة التقنية المتقدمة,m8ehsw6j@gmail.com,+966 522867023,شارع الملك عبد العزيز، مكة المكرمة، 34585
403,شركة التقنية المتقدمة,zkq0u743@gmail.com,+966 588276295,طريق الملك فهد، الإسكندرية، 47965
404,مجموعة الفوزان,4zyno7j3@example.com,+966 538168251,شارع الملك عبد العزيز، دبي، 79539
405,شركة الرياض للتجارة,3w2byurk@yahoo.com,+966 509814102,شارع التخصصي، مكة المكرمة، 23341
406,شركة التقنية المتقدمة,veafgubz@example.com,+966 535797934,شارع جامعة الدول العربية، الدمام، 44369
407,شركة الرياض للتجارة,vq8z37u2@outlook.com,+966 509564231,طريق الملك فهد، الرياض، 48175
408,شركة الرياض للتجارة,jlgdggdk@yahoo.com,+966 548017199,شارع جامعة الدول العربية، دبي، 40791
409,مؤسسة الحلول الرقمية,2clq5mta@outlook.com,+966 599652425,شارع جامعة الدول العربية، جدة، 93629
410,شركة التقنية المتقدمة,ebnjwzmn@solix-agent.ai,+966 539511459,شارع جامعة الدول العربية، الإسكندرية، 70515
411,شركة الرياض للتجارة,avq5gx99@datafactory.io,+966 539440360,شارع العليا، جدة، 74740
412,شركة الرياض للتجارة,hla7arp1@datafactory.io,+966 525063887,شارع الملك عبد العزيز، الإسكندرية، 83341
413,شركة التقنية المتقدمة,3wspey5k@solix-agent.ai,+966 547697956,شارع التخصصي، الإسكندرية، 78288
414,مجموعة الفوزان,dw5f1qdn@solix-agent.ai,+966 522271682,شارع الملك عبد العزيز، الإسكندرية، 25004
415,شركة التقنية المتقدمة,7tj6pqaq@datafactory.io,+966 563641347,شارع العليا، جدة، 74760
416,شركة الرياض للتجارة,md2yisf1@yahoo.com,+966 526655505,طريق الملك فهد، الدمام، 36244
417,مجموعة الفوزان,g2v0yh1v@yahoo.com,+966 571194218,شارع الملك عبد العزيز، جدة، 42528
418,شركة التقنية المتقدمة,h3w81x91@datafactory.io,+966 557510048,شارع جامعة الدول العربية، الرياض، 63241
419,شركة الرياض للتجارة,gb93hcqp@outlook.com,+966 591843853,شارع الملك عبد العزيز، الدمام، 34540
420,مجموعة الفوزان,yz3hy5hf@gmail.com,+966 561875426,طريق الملك فهد، دبي، 71688
421,مؤسسة الحلول الرقمية,yzhnfiqk@solix-agent.ai,+966 532926915,شارع جامعة الدول العربية، جدة، 46593
422,شركة التقنية المتقدمة,ais16qae@gmail.com,+966 513589596,شارع العليا، الدمام، 94539
423,شركة الرياض للتجارة,c18gmer9@datafactory.io,+966 548366356,طريق الملك فهد، الرياض، 90116
424,شركة الرياض للتجارة,a95b1xq1@solix-agent.ai,+966 534312039,شارع التخصصي، القاهرة، 35915
425,مجموعة الفوزان,mgwarvkl@gmail.com,+966 524512514,شارع جامعة الدول العربية، جدة، 13629
426,مجموعة الفوزان,b19k0kw2@yahoo.com,+966 564273165,شارع العليا، الإسكندرية، 68778
427,مؤسسة الحلول الرقمية,4rnyt1mi@outlook.com,+966 522754190,شارع العليا، الرياض، 25766
428,شركة الرياض للتجارة,3747tp3a@gmail.com,+966 542359423,طريق الملك فهد، دبي، 98278
429,مجموعة الفوزان,ixke67or@yahoo.com,+966 566696086,شارع جامعة الدول العربية، مكة المكرمة، 83196
430,مجموعة الفوزان,7fy3ovs0@yahoo.com,+966 576183183,شارع الملك عبد العزيز، الدمام، 25771
431,مؤسسة الحلول الرقمية,5i5wgnpz@example.com,+966 553715710,طريق الملك فهد، جدة، 36295
432,مجموعة الفوزان,vxivu62b@solix-agent.ai,+966 558916435,شارع الملك عبد العزيز، الدمام، 29735
433,مجموعة الفوزان,bnchsydg@gmail.com,+966 547559857,شارع جامعة الدول العربية، الإسكندرية، 38648
434,شركة الرياض للتجارة,2xinp2g5@outlook.com,+966 502210537,شارع الملك عبد العزيز، الإسكندرية، 77688
435,شركة الرياض للتجارة,md9mifh1@gmail.com,+966 571030137,شارع الملك عبد العزيز، جدة، 28947
436,مجموعة الفوزان,p3x3fs1g@example.com,+966 548666048,شارع جامعة الدول العربية، جدة، 86462
437,مجموعة الفوزان,tfd9lru6@datafactory.io,+966 588432763,شارع التخصصي، الرياض، 49648
438,شركة الرياض للتجارة,f4vuwmwq@datafactory.io,+966 569413295,شارع العليا، جدة، 15870
439,مجموعة الفوزان,xg0bbew3@datafactory.io,+966 589259251,شارع التخصصي، الرياض، 39783
440,شركة الرياض للتجارة,w9mp44ao@solix-agent.ai,+966 501816206,شارع التخصصي، الرياض، 80801
441,مؤسسة الحلول الرقمية,bn0fbmeg@outlook.com,+966 559421974,شارع الملك عبد العزيز، الدمام، 48788
442,مجموعة الفوزان,jbquphjk@yahoo.com,+966 507170236,شارع الملك عبد العزيز، الدمام، 72796
443,شركة الرياض للتجارة,gum0a2zm@outlook.com,+966 521151032,شارع الملك عبد العزيز، دبي، 45550
444,مؤسسة الحلول الرقمية,50ew6z61@solix-agent.ai,+966 582907536,شارع الملك عبد العزيز، الدمام، 77174
445,مجموعة الفوزان,n6p39hbw@solix-agent.ai,+966 534398875,طريق الملك فهد، جدة، 35835
446,مجموعة الفوزان,50zm3qqs@gmail.com,+966 584900740,شارع جامعة الدول العربية، القاهرة، 55648
447,مؤسسة الحلول الرقمية,ww91cm2f@gmail.com,+966 523186820,شارع التخصصي، مكة المكرمة، 89006
448,مجموعة الفوزان,o2agzkj4@outlook.com,+966 512902653,شارع جامعة الدول العربية، الرياض، 51880
449,مجموعة الفوزان,extjz7ut@solix-agent.ai,+966 529354538,شارع جامعة الدول العربية، الرياض، 54284
450,مؤسسة الحلول الرقمية,arkxme22@solix-agent.ai,+966 512507902,طريق الملك فهد، القاهرة، 73799
451,مؤسسة الحلول الرقمية,17502868@gmail.com,+966 574243226,شارع الملك عبد العزيز، دبي، 87844
452,شركة التقنية المتقدمة,5qkxtmie@outlook.com,+966 578386781,شارع جامعة الدول العربية، الإسكندرية، 44060
453,شركة الرياض للتجارة,6yhtxbcu@datafactory.io,+966 593573929,شارع التخصصي، الرياض، 43532
454,شركة الرياض للتجارة,05isnpst@datafactory.io,+966 519446389,شارع الملك عبد العزيز، دبي، 25938
455,مؤسسة الحلول الرقمية,yrsxur5w@solix-agent.ai,+966 553984838,شارع جامعة الدول العربية، القاهرة، 87056
456,شركة التقنية المتقدمة,5d9ckrjd@outlook.com,+966 543166228,شارع جامعة الدول العربية، القاهرة، 96063
457,شركة الرياض للتجارة,4m5g5nx7@datafactory.io,+966 569966107,طريق الملك فهد، مكة المكرمة، 42074
458,شركة التقنية المتقدمة,q5ytzcl8@outlook.com,+966 511123594,شارع جامعة الدول العربية، الرياض، 74140
459,شركة التقنية المتقدمة,dqd634iz@example.com,+966 548387589,شارع العليا، الرياض، 86362
460,شركة الرياض للتجارة,cftrpiah@outlook.com,+966 557582698,طريق الملك فهد، دبي، 25524
461,شركة الرياض للتجارة,zxfb9rpd@gmail.com,+966 501622356,شارع الملك عبد العزيز، الدمام، 77231
462,شركة التقنية المتقدمة,jk5qx5ug@datafactory.io,+966 528096663,شارع جامعة الدول العربية، دبي، 37891
463,شركة الرياض للتجارة,6jsbkqbx@solix-agent.ai,+966 588121412,شارع التخصصي، الدمام، 32657
464,شركة التقنية المتقدمة,hzoo6mkj@solix-agent.ai,+966 565108267,شارع جامعة الدول العربية، الدمام، 50914
465,شركة الرياض للتجارة,tziszsa7@outlook.com,+966 545736669,شارع التخصصي، القاهرة، 30701
466,مؤسسة الحلول الرقمية,5vsru74o@example.com,+966 589211058,شارع التخصصي، دبي، 45538
467,مجموعة الفوزان,h8rt5ecc@yahoo.com,+966 532624003,طريق الملك فهد، الدمام، 78398
468,مؤسسة الحلول الرقمية,yh2xb0ks@outlook.com,+966 582925448,شارع العليا، الإسكندرية، 50143
469,مجموعة الفوزان,79f5a7d8@solix-agent.ai,+966 593963855,شارع التخصصي، مكة المكرمة، 40405
470,مجموعة الفوزان,5ctb12iq@solix-agent.ai,+966 579438180,طريق الملك فهد، الرياض، 84462
471,شركة التقنية المتقدمة,l81b357r@example.com,+966 579596951,شارع الملك عبد العزيز، الرياض، 58953
472,شركة الرياض للتجارة,cp25vu7b@gmail.com,+966 532466187,شارع الملك عبد العزيز، جدة، 72903
473,مؤسسة الحلول الرقمية,68u83ppj@gmail.com,+966 583382188,شارع العليا، الإسكندرية، 97854
474,شركة الرياض للتجارة,kq5xy5qq@yahoo.com,+966 534639149,شارع التخصصي، جدة، 91223
475,مؤسسة الحلول الرقمية,krkhblpe@solix-agent.ai,+966 508433401,شارع جامعة الدول العربية، مكة المكرمة، 66193
476,مجموعة الفوزان,pl387p41@gmail.com,+966 568729191,شارع الملك عبد العزيز، الرياض، 23803
477,شركة الرياض للتجارة,k4dey3vo@yahoo.com,+966 552710572,شارع العليا، الإسكندرية، 79391
478,مجموعة الفوزان,8dcm4dgu@example.com,+966 572308789,شارع التخصصي، مكة المكرمة، 47369
479,مؤسسة الحلول الرقمية,eci3bh9g@example.com,+966 503260491,طريق الملك فهد، الإسكندرية، 87383
480,شركة الرياض للتجارة,lbabmbnx@yahoo.com,+966 531818796,شارع العليا، الرياض، 29087
481,شركة الرياض للتجارة,pdqja70t@example.com,+966 503332748,شارع الملك عبد العزيز، الدمام، 30271
482,شركة التقنية المتقدمة,twon2nsn@gmail.com,+966 527055807,شارع العليا، مكة المكرمة، 52764
483,مؤسسة الحلول الرقمية,zxakb4ra@datafactory.io,+966 552054765,شارع التخصصي، الدمام، 56615
484,مجموعة الفوزان,pz6ssg4w@gmail.com,+966 546040442,شارع العليا، جدة، 23480
485,مؤسسة الحلول الرقمية,ydknd0d5@outlook.com,+966 539658691,شارع العليا، الإسكندرية، 11098
486,مؤسسة الحلول الرقمية,76v5bnkh@yahoo.com,+966 581254883,طريق الملك فهد، الإسكندرية، 75819
487,شركة الرياض للتجارة,0uhitikb@example.com,+966 575820900,شارع العليا، الإسكندرية، 79915
488,شركة التقنية المتقدمة,2strccyy@datafactory.io,+966 517154980,طريق الملك فهد، الإسكندرية، 23837
489,مؤسسة الحلول الرقمية,1qi01p1u@gmail.com,+966 546293780,شارع الملك عبد العزيز، الإسكندرية، 72228
490,شركة الرياض للتجارة,ygmsp7tg@gmail.com,+966 599255785,طريق الملك فهد، الإسكندرية، 66744
491,مجموعة الفوزان,0xt84lin@yahoo.com,+966 567821653,شارع جامعة الدول العربية، الدمام، 14913
492,مجموعة الفوزان,uvmjf1jm@outlook.com,+966 586186770,شارع التخصصي، الدمام، 73096
493,مؤسسة الحلول الرقمية,u5ocgcdg@yahoo.com,+966 551306190,شارع الملك عبد العزيز، الرياض، 35644
494,شركة الرياض للتجارة,mfazrdpo@gmail.com,+966 532601133,طريق الملك فهد، الدمام، 48981
495,شركة الرياض للتجارة,gat1x7wu@example.com,+966 536545664,طريق الملك فهد، جدة، 35541
496,مجموعة الفوزان,1io320rt@example.com,+966 558631681,طريق الملك فهد، الإسكندرية، 41843
497,مجموعة الفوزان,vmq4x8cc@solix-agent.ai,+966 578230891,شارع التخصصي، دبي، 36037
498,مجموعة الفوزان,hp43c6h1@gmail.com,+966 533174293,شارع التخصصي، الدمام، 18936
499,مؤسسة الحلول الرقمية,rq24zo06@solix-agent.ai,+966 588353456,شارع الملك عبد العزيز، الرياض، 74369
500,شركة الرياض للتجارة,neh5iv57@gmail.com,+966 515797191,شارع الملك عبد العزيز، القاهرة، 34649
501,شركة التقنية المتقدمة,ik40nlwr@outlook.com,+966 502995993,شارع التخصصي، دبي، 85171
502,مجموعة الفوزان,w89ps3mp@outlook.com,+966 537754921,طريق الملك فهد، الإسكندرية، 31045
503,شركة الرياض للتجارة,z0hyqmco@gmail.com,+966 576627445,شارع الملك عبد العزيز، دبي، 28099
504,شركة الرياض للتجارة,at8salax@example.com,+966 578725969,شارع العليا، دبي، 40899
505,مجموعة الفوزان,i3aokjn8@datafactory.io,+966 517628892,شارع جامعة الدول العربية، جدة، 94319
506,مجموعة الفوزان,p7tbn5s5@datafactory.io,+966 579667090,طريق الملك فهد، الدمام، 40757
507,مجموعة الفوزان,m588is91@outlook.com,+966 565084461,شارع التخصصي، الرياض، 71888
508,شركة الرياض للتجارة,28pdakr8@datafactory.io,+966 537991441,شارع الملك عبد العزيز، جدة، 51066
509,شركة التقنية المتقدمة,qpphw0k1@solix-agent.ai,+966 559104510,شارع العليا، دبي، 79931
510,شركة الرياض للتجارة,0ztv81lj@example.com,+966 502851285,شارع الملك عبد العزيز، الإسكندرية، 14511
511,شركة التقنية المتقدمة,rq19ziq1@outlook.com,+966 509062547,طريق الملك فهد، الرياض، 92518
512,مؤسسة الحلول الرقمية,cn5byrnh@solix-agent.ai,+966 593794496,شارع جامعة الدول العربية، الرياض، 95043
513,مجموعة الفوزان,82vhn4hf@outlook.com,+966 573135335,طريق الملك فهد، القاهرة، 23411
514,مجموعة الفوزان,jmpyvh34@outlook.com,+966 511240129,شارع الملك عبد العزيز، الدمام، 92427
515,شركة التقنية المتقدمة,hbsrnfgz@example.com,+966 579791493,شارع العليا، الإسكندرية، 81441
516,مجموعة الفوزان,zsu9s6zd@solix-agent.ai,+966 513014424,شارع العليا، مكة المكرمة، 72269
517,مجموعة الفوزان,ri91j1wj@gmail.com,+966 523919092,شارع جامعة الدول العربية، الرياض، 30513
518,شركة التقنية المتقدمة,mv5g37xr@datafactory.io,+966 584445114,طريق الملك فهد، القاهرة، 77316
519,شركة التقنية المتقدمة,i5sb05oc@outlook.com,+966 589994335,شارع الملك عبد العزيز، دبي، 26568
520,مجموعة الفوزان,lae6brpc@gmail.com,+966 541686395,شارع العليا، جدة، 67668
521,مجموعة الفوزان,8aw6o2za@datafactory.io,+966 503316355,شارع جامعة الدول العربية، جدة، 49316
522,شركة التقنية المتقدمة,9sptyhdw@yahoo.com,+966 556859753,شارع جامعة الدول العربية، القاهرة، 28528
523,شركة الرياض للتجارة,0swojsr4@solix-agent.ai,+966 594444637,طريق الملك فهد، دبي، 36611
524,شركة الرياض للتجارة,w6wltuj7@yahoo.com,+966 597741181,شارع التخصصي، الإسكندرية، 83898
525,مؤسسة الحلول الرقمية,lq278ayp@outlook.com,+966 569683834,شارع التخصصي، الرياض، 36523
526,مؤسسة الحلول الرقمية,twt6iw0r@datafactory.io,+966 523966717,طريق الملك فهد، دبي، 91336
527,مجموعة الفوزان,ctxq0s4x@yahoo.com,+966 556822571,شارع التخصصي، مكة المكرمة، 93970
528,شركة الرياض للتجارة,h7gv5xjk@gmail.com,+966 504942338,شارع التخصصي، الدمام، 42614
529,شركة التقنية المتقدمة,hv15tua2@solix-agent.ai,+966 586526936,شارع العليا، القاهرة، 82391
530,مؤسسة الحلول الرقمية,gur4yjhg@outlook.com,+966 579946078,شارع جامعة الدول العربية، الرياض، 17372
531,مجموعة الفوزان,eo9wwcgp@outlook.com,+966 551165273,شارع العليا، القاهرة، 67058
532,مؤسسة الحلول الرقمية,xcxswn8h@outlook.com,+966 564715478,طريق الملك فهد، القاهرة، 93947
533,مؤسسة الحلول الرقمية,qevms8sp@gmail.com,+966 571295769,شارع التخصصي، دبي، 93162
534,مؤسسة الحلول الرقمية,jjtjvfsp@outlook.com,+966 518654876,طريق الملك فهد، جدة، 21123
535,مجموعة الفوزان,s2l1hoex@yahoo.com,+966 516696741,شارع الملك عبد العزيز، مكة المكرمة، 77706
536,شركة الرياض للتجارة,p5z45v83@solix-agent.ai,+966 574821711,طريق الملك فهد، الرياض، 35053
537,مؤسسة الحلول الرقمية,5or24s16@datafactory.io,+966 551915332,شارع العليا، جدة، 63606
538,شركة التقنية المتقدمة,q7tmmi41@yahoo.com,+966 581587047,شارع جامعة الدول العربية، الإسكندرية، 43165
539,مؤسسة الحلول الرقمية,vfhhp0ak@gmail.com,+966 567504855,شارع جامعة الدول العربية، جدة، 56478
540,شركة التقنية المتقدمة,yyfh8hht@datafactory.io,+966 502679630,شارع العليا، الرياض، 63288
541,مجموعة الفوزان,t3dti8q9@example.com,+966 541991532,شارع العليا، دبي، 21240
542,مؤسسة الحلول الرقمية,r3vfmxnp@datafactory.io,+966 567485962,طريق الملك فهد، جدة، 62326
543,مؤسسة الحلول الرقمية,0lu24esl@outlook.com,+966 579850595,شارع التخصصي، الدمام، 53909
544,مؤسسة الحلول الرقمية,x6y6c9dt@gmail.com,+966 501054264,طريق الملك فهد، الرياض، 57668
545,مؤسسة الحلول الرقمية,kc2v4hph@solix-agent.ai,+966 522869522,شارع العليا، الإسكندرية، 71515
546,مؤسسة الحلول الرقمية,okkxv3my@outlook.com,+966 512654504,شارع الملك عبد العزيز، القاهرة، 23131
547,مجموعة الفوزان,bv47lg6i@gmail.com,+966 527696901,شارع جامعة الدول العربية، الدمام، 85767
548,مجموعة الفوزان,40kn5oj0@example.com,+966 547392094,شارع جامعة الدول العربية، القاهرة، 33280
549,شركة التقنية المتقدمة,9iz06mj4@example.com,+966 566698715,شارع التخصصي، مكة المكرمة، 38620
550,شركة الرياض للتجارة,wiarr70x@gmail.com,+966 558366523,شارع جامعة الدول العربية، دبي، 79522
551,مؤسسة الحلول الرقمية,j3fhcxlt@solix-agent.ai,+966 502846996,شارع العليا، الدمام، 15469
552,مؤسسة الحلول الرقمية,l8h3ic2p@outlook.com,+966 549046927,شارع جامعة الدول العربية، الإسكندرية، 25843
553,مؤسسة الحلول الرقمية,34h2mll1@gmail.com,+966 539159041,شارع الملك عبد العزيز، دبي، 58437
554,مجموعة الفوزان,tinbap2u@outlook.com,+966 578030247,شارع جامعة الدول العربية، الدمام، 39193
555,شركة التقنية المتقدمة,kxdl34w0@example.com,+966 562872118,طريق الملك فهد، القاهرة، 46204
556,شركة الرياض للتجارة,j524lzuc@outlook.com,+966 573613488,شارع التخصصي، دبي، 87169
557,مجموعة الفوزان,hpgjkzhg@yahoo.com,+966 538223525,شارع التخصصي، الإسكندرية، 92127
558,شركة الرياض للتجارة,ppgl49oo@outlook.com,+966 553223867,شارع جامعة الدول العربية، جدة، 57889
559,مجموعة الفوزان,sx3gx3xx@gmail.com,+966 541400682,طريق الملك فهد، القاهرة، 19046
560,شركة التقنية المتقدمة,lzadv73j@example.com,+966 519495577,طريق الملك فهد، مكة المكرمة، 87134
561,مؤسسة الحلول الرقمية,413d4b5p@example.com,+966 501874282,شارع العليا، الإسكندرية، 23027
562,شركة التقنية المتقدمة,swck6h9e@solix-agent.ai,+966 596426978,شارع العليا، جدة، 27450
563,شركة الرياض للتجارة,r5uie0az@yahoo.com,+966 546386496,شارع الملك عبد العزيز، الدمام، 66132
564,مؤسسة الحلول الرقمية,smun00rd@yahoo.com,+966 513569791,شارع جامعة الدول العربية، مكة المكرمة، 97889
565,شركة التقنية المتقدمة,i6lin2u0@yahoo.com,+966 548872377,شارع الملك عبد العزيز، القاهرة، 69826
566,شركة الرياض للتجارة,1kmg74a6@yahoo.com,+966 517521535,طريق الملك فهد، مكة المكرمة، 29352
567,شركة الرياض للتجارة,x64iwpzy@solix-agent.ai,+966 525757909,شارع جامعة الدول العربية، الرياض، 28150
568,مجموعة الفوزان,wlasfja1@yahoo.com,+966 584917243,شارع الملك عبد العزيز، جدة، 98899
569,شركة الرياض للتجارة,n81f7s9l@solix-agent.ai,+966 558145304,شارع التخصصي، الرياض، 67753
570,شركة التقنية المتقدمة,0hnuvpv2@gmail.com,+966 511067097,شارع جامعة الدول العربية، جدة، 82988
571,شركة التقنية المتقدمة,i5z8mdni@yahoo.com,+966 592277165,شارع جامعة الدول العربية، الدمام، 81572
572,شركة الرياض للتجارة,5kzync3v@datafactory.io,+966 545473152,طريق الملك فهد، الدمام، 90203
573,مجموعة الفوزان,snmn2yl2@yahoo.com,+966 527992961,شارع التخصصي، جدة، 81915
574,شركة التقنية المتقدمة,bkdg35nm@yahoo.com,+966 557850478,طريق الملك فهد، دبي، 21437
575,مجموعة الفوزان,uvvik9kb@example.com,+966 534684363,شارع العليا، جدة، 75299
576,مؤسسة الحلول الرقمية,qybupkbm@gmail.com,+966 584347041,شارع العليا، الإسكندرية، 24366
577,مؤسسة الحلول الرقمية,4cwnsugf@outlook.com,+966 582697013,شارع العليا، مكة المكرمة، 32119
578,شركة التقنية المتقدمة,hruhlz9n@example.com,+966 569793584,طريق الملك فهد، دبي، 97953
579,شركة الرياض للتجارة,nola0h1a@datafactory.io,+966 548141929,شارع العليا، جدة، 84082
580,شركة الرياض للتجارة,cz1mq2mg@outlook.com,+966 529580631,شارع جامعة الدول العربية، دبي، 67985
581,شركة التقنية المتقدمة,2t7zulrx@yahoo.com,+966 547989127,شارع جامعة الدول العربية، الدمام، 36176
582,مجموعة الفوزان,d0s6znxi@example.com,+966 552667346,شارع العليا، الرياض، 74229
583,شركة التقنية المتقدمة,ora12i2z@example.com,+966 536250344,شارع الملك عبد العزيز، مكة المكرمة، 13210
584,مجموعة الفوزان,pb70pp4n@solix-agent.ai,+966 554476142,شارع العليا، الرياض، 43574
585,مجموعة الفوزان,7tf2hhwc@datafactory.io,+966 555315072,طريق الملك فهد، الإسكندرية، 75728
586,مجموعة الفوزان,39bkaid7@datafactory.io,+966 588237180,شارع جامعة الدول العربية، الإسكندرية، 26755
587,مؤسسة الحلول الرقمية,zl8oqy6a@example.com,+966 582336964,شارع الملك عبد العزيز، الرياض، 84572
588,مجموعة الفوزان,nogklkzi@solix-agent.ai,+966 502755038,شارع الملك عبد العزيز، مكة المكرمة، 86881
589,شركة التقنية المتقدمة,2rw2m52o@yahoo.com,+966 585792600,شارع جامعة الدول العربية، جدة، 27886
590,مجموعة الفوزان,khzqualj@example.com,+966 552619688,شارع جامعة الدول العربية، جدة، 98511
591,شركة التقنية المتقدمة,fa8a7pct@yahoo.com,+966 519321024,شارع التخصصي، الإسكندرية، 28434
592,شركة التقنية المتقدمة,18w2jfum@example.com,+966 507086288,شارع العليا، الرياض، 15975
593,مؤسسة الحلول الرقمية,vbl8e4ot@gmail.com,+966 553536733,شارع الملك عبد العزيز، جدة، 80858
594,مجموعة الفوزان,yfk060ff@outlook.com,+966 561163085,شارع التخصصي، جدة، 25421
595,شركة التقنية المتقدمة,rl27pno4@datafactory.io,+966 521995841,طريق الملك فهد، مكة المكرمة، 35204
596,شركة التقنية المتقدمة,1m14cf35@example.com,+966 581528840,شارع العليا، دبي، 17511
597,مؤسسة الحلول الرقمية,odwntok0@solix-agent.ai,+966 597095035,شارع العليا، الرياض، 98882
598,مجموعة الفوزان,2hkcpu6b@yahoo.com,+966 565671641,شارع العليا، جدة، 17734
599,شركة الرياض للتجارة,10dclcq5@gmail.com,+966 526399390,طريق الملك فهد، الدمام، 67872
600,شركة الرياض للتجارة,p6ah6ojm@gmail.com,+966 525329339,شارع العليا، الدمام، 37152
601,مؤسسة الحلول الرقمية,0w9r8qyj@example.com,+966 517933269,شارع العليا، جدة، 57702
602,شركة التقنية المتقدمة,iqs7vnsb@example.com,+966 583452427,شارع العليا، القاهرة، 94145
603,شركة التقنية المتقدمة,5c3xcvj0@yahoo.com,+966 506748193,شارع التخصصي، الدمام، 39200
604,شركة التقنية المتقدمة,sne0rg36@yahoo.com,+966 582768993,شارع الملك عبد العزيز، مكة المكرمة، 96610
605,مؤسسة الحلول الرقمية,qkalp7u2@example.com,+966 503961995,شارع التخصصي، دبي، 31975
606,مجموعة الفوزان,wmcrk2sg@outlook.com,+966 503826601,شارع الملك عبد العزيز، جدة، 77333
607,شركة الرياض للتجارة,4aapovbe@datafactory.io,+966 558776731,شارع جامعة الدول العربية، الرياض، 82876
608,شركة الرياض للتجارة,hthrhtub@outlook.com,+966 505453462,شارع التخصصي، القاهرة، 12836
609,شركة التقنية المتقدمة,yjaxyuv1@gmail.com,+966 544566678,شارع العليا، جدة، 48688
610,شركة التقنية المتقدمة,nr5ow60d@solix-agent.ai,+966 512208430,شارع جامعة الدول العربية، مكة المكرمة، 34152
611,مؤسسة الحلول الرقمية,csmrnle9@datafactory.io,+966 506382759,شارع التخصصي، الإسكندرية، 39482
612,شركة الرياض للتجارة,2g28ump8@datafactory.io,+966 597789808,طريق الملك فهد، جدة، 76081
613,مجموعة الفوزان,qt0um6pm@outlook.com,+966 564793857,شارع التخصصي، مكة المكرمة، 57253
614,مجموعة الفوزان,k3mggyhe@example.com,+966 597169900,شارع جامعة الدول العربية، القاهرة، 29769
615,شركة الرياض للتجارة,otb7l1gu@outlook.com,+966 546589267,شارع العليا، مكة المكرمة، 63153
616,مؤسسة الحلول الرقمية,vg6nse9q@outlook.com,+966 539546837,شارع العليا، مكة المكرمة، 36095
617,مؤسسة الحلول الرقمية,6vuqg658@outlook.com,+966 534006479,شارع العليا، مكة المكرمة، 82374
618,شركة التقنية المتقدمة,1a21mzbn@yahoo.com,+966 515585090,طريق الملك فهد، الدمام، 78413
619,مؤسسة الحلول الرقمية,8hjppuwi@outlook.com,+966 548552460,شارع التخصصي، الدمام، 68612
620,مجموعة الفوزان,remb8uc4@yahoo.com,+966 504121837,شارع العليا، دبي، 50268
621,مؤسسة الحلول الرقمية,juwkzcdb@outlook.com,+966 503579380,شارع الملك عبد العزيز، دبي، 58367
622,شركة التقنية المتقدمة,axkl1unp@example.com,+966 525447844,شارع التخصصي، مكة المكرمة، 99352
623,شركة الرياض للتجارة,4acxikch@yahoo.com,+966 557072124,شارع التخصصي، الدمام، 62948
624,شركة الرياض للتجارة,t8yhnql5@outlook.com,+966 562430217,شارع التخصصي، القاهرة، 88566
625,مؤسسة الحلول الرقمية,e5letxl0@yahoo.com,+966 517069243,شارع الملك عبد العزيز، مكة المكرمة، 75822
626,شركة التقنية المتقدمة,zbm7tlyi@outlook.com,+966 584728656,شارع الملك عبد العزيز، جدة، 94526
627,شركة الرياض للتجارة,x8dgmxfx@example.com,+966 585672380,شارع العليا، الرياض، 94180
628,مؤسسة الحلول الرقمية,jzgafeg4@outlook.com,+966 592339721,شارع التخصصي، الإسكندرية، 85799
629,شركة التقنية المتقدمة,83gbooji@datafactory.io,+966 568591480,شارع العليا، القاهرة، 63348
630,مجموعة الفوزان,dmpwybze@outlook.com,+966 565421977,شارع الملك عبد العزيز، دبي، 17071
631,مؤسسة الحلول الرقمية,ceihyenh@example.com,+966 554981701,طريق الملك فهد، جدة، 51834
632,مجموعة الفوزان,6ifgbie2@outlook.com,+966 575825043,شارع التخصصي، الدمام، 93174
633,شركة الرياض للتجارة,v3fhl6x9@solix-agent.ai,+966 514572687,شارع جامعة الدول العربية، جدة، 97951
634,شركة الرياض للتجارة,suhjetif@outlook.com,+966 525337753,شارع العليا، دبي، 22326
635,مؤسسة الحلول الرقمية,34cz6jsw@example.com,+966 567387774,شارع التخصصي، الإسكندرية، 91053
636,شركة التقنية المتقدمة,zgyvqunj@solix-agent.ai,+966 572193458,شارع الملك عبد العزيز، الرياض، 10732
637,مجموعة الفوزان,txqgb0kt@gmail.com,+966 586254073,شارع الملك عبد العزيز، مكة المكرمة، 59164
638,مجموعة الفوزان,4s1u3xwv@datafactory.io,+966 551334271,طريق الملك فهد، الإسكندرية، 63841
639,شركة التقنية المتقدمة,915qb0lz@solix-agent.ai,+966 552704344,شارع جامعة الدول العربية، دبي، 66315
640,شركة التقنية المتقدمة,y3k1tlrs@solix-agent.ai,+966 507697382,شارع العليا، مكة المكرمة، 49378
641,مجموعة الفوزان,lnkmu0sg@solix-agent.ai,+966 561749703,طريق الملك فهد، مكة المكرمة، 99663
642,شركة التقنية المتقدمة,u63x04z6@yahoo.com,+966 553860022,شارع الملك عبد العزيز، الرياض، 26502
643,مؤسسة الحلول الرقمية,5xep9pla@outlook.com,+966 509362953,طريق الملك فهد، الإسكندرية، 80389
644,مجموعة الفوزان,gihqogpc@solix-agent.ai,+966 542610918,شارع العليا، جدة، 31102
645,شركة التقنية المتقدمة,pdurcxwz@yahoo.com,+966 509211066,شارع جامعة الدول العربية، الدمام، 72584
646,شركة الرياض للتجارة,q42lhhxr@solix-agent.ai,+966 554251505,شارع جامعة الدول العربية، مكة المكرمة، 91392
647,مؤسسة الحلول الرقمية,m5f3n3y2@example.com,+966 575518046,شارع التخصصي، مكة المكرمة، 68064
648,شركة التقنية المتقدمة,dkpo0gqb@datafactory.io,+966 553252357,شارع التخصصي، الرياض، 67732
649,شركة الرياض للتجارة,jad8p5ft@yahoo.com,+966 519252910,شارع التخصصي، القاهرة، 86314
650,شركة الرياض للتجارة,nwql2phy@yahoo.com,+966 578140383,طريق الملك فهد، دبي، 76559
651,مجموعة الفوزان,78pozd2t@outlook.com,+966 531120423,شارع العليا، الدمام، 51571
652,مجموعة الفوزان,yyr3ye7g@gmail.com,+966 551524877,شارع العليا، القاهرة، 10158
653,شركة التقنية المتقدمة,xtmas5cj@yahoo.com,+966 532715728,طريق الملك فهد، مكة المكرمة، 30558
654,مجموعة الفوزان,2d71qndu@outlook.com,+966 556141790,شارع التخصصي، القاهرة، 63526
655,مؤسسة الحلول الرقمية,gs618kqw@solix-agent.ai,+966 506854483,شارع الملك عبد العزيز، مكة المكرمة، 15488
656,مجموعة الفوزان,eod0r1io@yahoo.com,+966 554900326,شارع الملك عبد العزيز، الدمام، 70522
657,شركة التقنية المتقدمة,3yjmack6@datafactory.io,+966 597745298,شارع الملك عبد العزيز، القاهرة، 50259
658,شركة الرياض للتجارة,4vcphe0d@example.com,+966 573581530,شارع الملك عبد العزيز، القاهرة، 64173
659,مؤسسة الحلول الرقمية,w7yykuy5@solix-agent.ai,+966 561584045,شارع العليا، الدمام، 44426
660,مؤسسة الحلول الرقمية,fvmnzmrs@datafactory.io,+966 592494230,شارع العليا، مكة المكرمة، 86430
661,شركة التقنية المتقدمة,qvxj7bdm@yahoo.com,+966 599957042,شارع الملك عبد العزيز، الدمام، 79766
662,شركة الرياض للتجارة,pammfnfo@example.com,+966 586168674,شارع العليا، جدة، 89944
663,شركة التقنية المتقدمة,5iz8gcdj@gmail.com,+966 595454528,طريق الملك فهد، الإسكندرية، 13645
664,مجموعة الفوزان,t9ud1fm7@outlook.com,+966 585144347,شارع التخصصي، القاهرة، 27297
665,شركة التقنية المتقدمة,555pvkal@datafactory.io,+966 576836505,شارع العليا، الدمام، 79378
666,مؤسسة الحلول الرقمية,32g5gwx3@gmail.com,+966 576352248,شارع العليا، جدة، 56941
667,مؤسسة الحلول الرقمية,qs9i9m4w@outlook.com,+966 509455251,شارع جامعة الدول العربية، الإسكندرية، 47075
668,شركة التقنية المتقدمة,h3ayox2h@gmail.com,+966 532887198,شارع جامعة الدول العربية، القاهرة، 70703
669,مؤسسة الحلول الرقمية,a0ao2ev2@yahoo.com,+966 584437738,شارع التخصصي، دبي، 17939
670,شركة الرياض للتجارة,5m3suw9p@gmail.com,+966 505480831,طريق الملك فهد، الإسكندرية، 99081
671,شركة الرياض للتجارة,zdt5unvr@datafactory.io,+966 502826323,شارع الملك عبد العزيز، جدة، 82939
672,شركة التقنية المتقدمة,x5s0uqk4@solix-agent.ai,+966 542030089,شارع الملك عبد العزيز، جدة، 67231
673,مجموعة الفوزان,96s4kio1@datafactory.io,+966 569384953,شارع الملك عبد العزيز، دبي، 14791
674,مجموعة الفوزان,39lccqrb@example.com,+966 566584283,شارع التخصصي، مكة المكرمة، 22568
675,شركة الرياض للتجارة,kb7whefz@datafactory.io,+966 572863524,شارع التخصصي، الرياض، 52915
676,مؤسسة الحلول الرقمية,2zw0ezby@solix-agent.ai,+966 525123115,شارع جامعة الدول العربية، الرياض، 76322
677,شركة الرياض للتجارة,5vfz8bww@datafactory.io,+966 543998093,شارع العليا، القاهرة، 85849
678,مجموعة الفوزان,git9h6vy@yahoo.com,+966 514580023,شارع العليا، الرياض، 23038
679,مجموعة الفوزان,jt8nflk9@outlook.com,+966 585539067,شارع التخصصي، دبي، 83487
680,شركة التقنية المتقدمة,tm02hhtn@solix-agent.ai,+966 575287476,شارع التخصصي، الرياض، 59705
681,مؤسسة الحلول الرقمية,cdm0wky4@yahoo.com,+966 595538091,شارع التخصصي، القاهرة، 17620
682,شركة الرياض للتجارة,78b49v5q@example.com,+966 513685390,شارع العليا، القاهرة، 47099
683,شركة التقنية المتقدمة,deqh7wpy@datafactory.io,+966 578930959,طريق الملك فهد، جدة، 42126
684,مجموعة الفوزان,xq2yqs3o@yahoo.com,+966 546721530,شارع العليا، الرياض، 34576
685,شركة الرياض للتجارة,of57vejx@datafactory.io,+966 579162275,شارع الملك عبد العزيز، دبي، 53115
686,شركة الرياض للتجارة,8clgt1gx@datafactory.io,+966 521093096,شارع جامعة الدول العربية، الرياض، 39871
687,شركة التقنية المتقدمة,t8ea6usm@datafactory.io,+966 526631865,شارع التخصصي، الرياض، 27599
688,مجموعة الفوزان,zy2tyq2b@example.com,+966 548560645,شارع الملك عبد العزيز، الإسكندرية، 58029
689,شركة الرياض للتجارة,2z97t9ow@yahoo.com,+966 567821434,شارع العليا، مكة المكرمة، 32007
690,مؤسسة الحلول الرقمية,cp6smj7j@outlook.com,+966 599028967,طريق الملك فهد، الدمام، 81685
691,شركة الرياض للتجارة,bqzfwxc8@solix-agent.ai,+966 503810719,شارع الملك عبد العزيز، مكة المكرمة، 23304
692,مؤسسة الحلول الرقمية,a39hez2m@solix-agent.ai,+966 533007645,شارع جامعة الدول العربية، مكة المكرمة، 57533
693,مجموعة الفوزان,9j68j2gi@datafactory.io,+966 581627210,شارع الملك عبد العزيز، الدمام، 40374
694,شركة الرياض للتجارة,ps6cunln@example.com,+966 548460339,طريق الملك فهد، الدمام، 79050
695,مجموعة الفوزان,duocdhjw@datafactory.io,+966 586572604,شارع الملك عبد العزيز، جدة، 20977
696,شركة الرياض للتجارة,mx6m35cz@datafactory.io,+966 528392593,شارع العليا، الرياض، 33940
697,شركة الرياض للتجارة,gw3o20ua@solix-agent.ai,+966 587677011,شارع التخصصي، الإسكندرية، 88844
698,مجموعة الفوزان,ruubuudd@outlook.com,+966 595017124,شارع العليا، الرياض، 31255
699,مجموعة الفوزان,uo1zn994@outlook.com,+966 597241542,شارع العليا، دبي، 26991
700,شركة الرياض للتجارة,4m4rvpco@solix-agent.ai,+966 592246618,شارع العليا، مكة المكرمة، 48342
701,مجموعة الفوزان,91xjxfet@gmail.com,+966 569257767,شارع جامعة الدول العربية، مكة المكرمة، 10082
702,شركة التقنية المتقدمة,x18vamvw@gmail.com,+966 549404063,شارع العليا، الإسكندرية، 66521
703,مؤسسة الحلول الرقمية,ufjj30en@solix-agent.ai,+966 527954322,شارع التخصصي، الرياض، 46795
704,مجموعة الفوزان,0h4ys3w8@gmail.com,+966 518964017,طريق الملك فهد، الدمام، 74480
705,شركة التقنية المتقدمة,11i1kyac@yahoo.com,+966 596134803,شارع جامعة الدول العربية، الدمام، 73854
706,مؤسسة الحلول الرقمية,grvpxjxc@example.com,+966 501926422,شارع جامعة الدول العربية، الرياض، 28896
707,مجموعة الفوزان,fl1uadri@outlook.com,+966 513751886,شارع جامعة الدول العربية، الدمام، 47131
708,مجموعة الفوزان,f8slhmqi@gmail.com,+966 546403202,شارع العليا، الدمام، 48313
709,مؤسسة الحلول الرقمية,3i2v9jz3@yahoo.com,+966 582563331,طريق الملك فهد، القاهرة، 35789
710,شركة الرياض للتجارة,cca90nag@solix-agent.ai,+966 576418168,شارع الملك عبد العزيز، الدمام، 22017
711,شركة الرياض للتجارة,uymna623@yahoo.com,+966 526048349,شارع التخصصي، دبي، 80033
712,شركة الرياض للتجارة,e4x7a0e1@solix-agent.ai,+966 551474559,شارع العليا، الدمام، 31139
713,شركة التقنية المتقدمة,rq0n0t45@outlook.com,+966 536470521,شارع الملك عبد العزيز، الرياض، 68372
714,مجموعة الفوزان,q26dz6vh@solix-agent.ai,+966 523628717,شارع جامعة الدول العربية، القاهرة، 27252
715,شركة التقنية المتقدمة,aihwhxq8@example.com,+966 536332305,شارع الملك عبد العزيز، دبي، 34493
716,شركة الرياض للتجارة,1rwtc2io@solix-agent.ai,+966 514463224,شارع العليا، الإسكندرية، 73665
717,شركة الرياض للتجارة,m04318i0@example.com,+966 549896202,شارع العليا، مكة المكرمة، 90275
718,مجموعة الفوزان,f68qlu5p@datafactory.io,+966 547575261,شارع الملك عبد العزيز، الإسكندرية، 69132
719,مؤسسة الحلول الرقمية,1u8wtqwk@datafactory.io,+966 521651707,شارع العليا، مكة المكرمة، 70502
720,مؤسسة الحلول الرقمية,o52r6z5h@datafactory.io,+966 587279165,طريق الملك فهد، القاهرة، 72568
721,مؤسسة الحلول الرقمية,04a08dug@yahoo.com,+966 533720147,شارع التخصصي، الرياض، 79145
722,شركة التقنية المتقدمة,k2axjxj4@example.com,+966 563570224,شارع جامعة الدول العربية، مكة المكرمة، 39896
723,مؤسسة الحلول الرقمية,6y0p1064@datafactory.io,+966 514118670,شارع العليا، دبي، 27380
724,شركة الرياض للتجارة,e0vgelrq@yahoo.com,+966 506839109,شارع العليا، الرياض، 51133
725,شركة التقنية المتقدمة,y3eynpmg@yahoo.com,+966 557421702,طريق الملك فهد، الرياض، 91967
726,مؤسسة الحلول الرقمية,h5m5lwwu@solix-agent.ai,+966 582744402,شارع جامعة الدول العربية، دبي، 99087
727,مؤسسة الحلول الرقمية,jv56pmdg@outlook.com,+966 545310501,شارع التخصصي، مكة المكرمة، 19126
728,شركة الرياض للتجارة,nih2inkr@datafactory.io,+966 567974109,طريق الملك فهد، الدمام، 89657
729,شركة التقنية المتقدمة,0xv1v2dm@example.com,+966 515133007,شارع الملك عبد العزيز، الإسكندرية، 46699
730,شركة الرياض للتجارة,rcvn9pfy@outlook.com,+966 564669652,شارع جامعة الدول العربية، الإسكندرية، 33761
731,مؤسسة الحلول الرقمية,s73hw0j7@solix-agent.ai,+966 529980691,شارع الملك عبد العزيز، جدة، 16156
732,شركة التقنية المتقدمة,p2iq54v4@datafactory.io,+966 544322045,شارع الملك عبد العزيز، دبي، 46487
733,شركة الرياض للتجارة,thobjtd6@outlook.com,+966 576891367,شارع العليا، مكة المكرمة، 79159
734,شركة الرياض للتجارة,1os8nq8u@solix-agent.ai,+966 594602863,شارع جامعة الدول العربية، جدة، 28040
735,مؤسسة الحلول الرقمية,dppnyqct@datafactory.io,+966 576122327,شارع العليا، دبي، 91204
736,شركة الرياض للتجارة,0yyma5ii@example.com,+966 539930196,شارع الملك عبد العزيز، دبي، 41757
737,مؤسسة الحلول الرقمية,6ww287tv@datafactory.io,+966 593202729,شارع جامعة الدول العربية، الدمام، 58839
738,مجموعة الفوزان,3sm7eoz0@solix-agent.ai,+966 501298537,شارع العليا، الدمام، 43813
739,شركة التقنية المتقدمة,bkh6do21@yahoo.com,+966 591082015,شارع العليا، الإسكندرية، 63436
740,مجموعة الفوزان,bgma861a@yahoo.com,+966 512923704,شارع العليا، جدة، 76169
741,شركة الرياض للتجارة,q51hxvof@gmail.com,+966 509020291,شارع جامعة الدول العربية، الرياض، 96431
742,شركة التقنية المتقدمة,p41e0h8o@datafactory.io,+966 597626607,شارع الملك عبد العزيز، مكة المكرمة، 85167
743,مجموعة الفوزان,u13scgo2@solix-agent.ai,+966 599047027,شارع التخصصي، الإسكندرية، 32162
744,مجموعة الفوزان,cwhrvsc4@datafactory.io,+966 575798537,شارع التخصصي، مكة المكرمة، 34256
745,شركة التقنية المتقدمة,embdr8wb@yahoo.com,+966 534563582,شارع العليا، الرياض، 50731
746,مجموعة الفوزان,5hsgreoe@solix-agent.ai,+966 528409799,شارع العليا، القاهرة، 24438
747,شركة الرياض للتجارة,il9f6xm5@gmail.com,+966 533105634,شارع جامعة الدول العربية، الرياض، 90088
748,شركة الرياض للتجارة,2vn0dtag@example.com,+966 585327708,شارع التخصصي، الرياض، 16422
749,شركة التقنية المتقدمة,nqvh5aum@solix-agent.ai,+966 522668908,شارع جامعة الدول العربية، جدة، 95820
750,شركة الرياض للتجارة,4251t4b6@example.com,+966 541901239,شارع جامعة الدول العربية، مكة المكرمة، 28709
751,مجموعة الفوزان,91rcig79@example.com,+966 518133095,شارع العليا، الإسكندرية، 54344
752,مجموعة الفوزان,bg47vwhe@example.com,+966 501685742,شارع الملك عبد العزيز، جدة، 78393
753,مجموعة الفوزان,gcet1pd1@datafactory.io,+966 569620102,طريق الملك فهد، جدة، 35181
754,شركة التقنية المتقدمة,07p56oaa@gmail.com,+966 507475740,شارع العليا، مكة المكرمة، 56703
755,شركة التقنية المتقدمة,znqwn6ji@datafactory.io,+966 513499990,شارع العليا، القاهرة، 52347
756,مجموعة الفوزان,qg7mzt59@datafactory.io,+966 553783364,شارع جامعة الدول العربية، جدة، 45936
757,شركة الرياض للتجارة,g0btohrw@datafactory.io,+966 521240926,شارع العليا، الإسكندرية، 67376
758,شركة الرياض للتجارة,1b4omotd@yahoo.com,+966 517995405,شارع الملك عبد العزيز، الإسكندرية، 33144
759,شركة الرياض للتجارة,s80m5mow@datafactory.io,+966 552429433,شارع التخصصي، مكة المكرمة، 52848
760,شركة التقنية المتقدمة,o9n47s30@outlook.com,+966 595016943,شارع العليا، مكة المكرمة، 73011
761,مجموعة الفوزان,i82qszgh@solix-agent.ai,+966 588586594,شارع الملك عبد العزيز، الدمام، 65192
762,مؤسسة الحلول الرقمية,p4zmobru@example.com,+966 589787304,شارع جامعة الدول العربية، الرياض، 82800
763,شركة الرياض للتجارة,jodyo98y@example.com,+966 509805157,شارع الملك عبد العزيز، دبي، 49475
764,شركة الرياض للتجارة,a91lsc39@example.com,+966 577201274,شارع التخصصي، مكة المكرمة، 78077
765,مجموعة الفوزان,lymv9zj5@gmail.com,+966 541549877,شارع العليا، الرياض، 21875
766,مجموعة الفوزان,o4i1dc71@gmail.com,+966 569854260,طريق الملك فهد، الدمام، 42259
767,شركة التقنية المتقدمة,h72d9gi8@gmail.com,+966 528858234,طريق الملك فهد، القاهرة، 72179
768,شركة التقنية المتقدمة,ljp5wm4n@datafactory.io,+966 567116065,شارع التخصصي، الدمام، 58907
769,شركة الرياض للتجارة,ja7x9gpw@datafactory.io,+966 562419566,طريق الملك فهد، دبي، 23378
770,شركة التقنية المتقدمة,qqcwau17@yahoo.com,+966 524875298,شارع جامعة الدول العربية، الإسكندرية، 35555
771,مجموعة الفوزان,9qp1t38o@yahoo.com,+966 565238409,طريق الملك فهد، القاهرة، 53798
772,شركة التقنية المتقدمة,m0wzpqhk@outlook.com,+966 513758233,شارع الملك عبد العزيز، القاهرة، 99702
773,مجموعة الفوزان,979hlcgj@outlook.com,+966 529994903,شارع الملك عبد العزيز، الإسكندرية، 72493
774,مجموعة الفوزان,dcbbkhcl@gmail.com,+966 591720467,شارع جامعة الدول العربية، الرياض، 96503
775,شركة الرياض للتجارة,uifmlh8t@example.com,+966 578356555,طريق الملك فهد، الرياض، 14586
776,شركة التقنية المتقدمة,iahv18nv@example.com,+966 553561227,شارع جامعة الدول العربية، مكة المكرمة، 51380
777,شركة التقنية المتقدمة,e2w251gc@example.com,+966 558833079,طريق الملك فهد، الرياض، 93420
778,مجموعة الفوزان,5jrvx3xc@example.com,+966 598415205,شارع العليا، دبي، 72040
779,مجموعة الفوزان,rugt3ein@outlook.com,+966 509182625,طريق الملك فهد، الدمام، 24769
780,مجموعة الفوزان,3ktwam5a@solix-agent.ai,+966 584849117,طريق الملك فهد، القاهرة، 99128
781,مجموعة الفوزان,3ayzspv7@yahoo.com,+966 559858689,شارع جامعة الدول العربية، القاهرة، 11799
782,مجموعة الفوزان,dw6b66on@solix-agent.ai,+966 565376167,شارع العليا، الإسكندرية، 79555
783,شركة التقنية المتقدمة,4rhq63cw@example.com,+966 533903856,طريق الملك فهد، القاهرة، 64638
784,شركة الرياض للتجارة,wyoriofu@datafactory.io,+966 519478510,طريق الملك فهد، الدمام، 12587
785,مجموعة الفوزان,h7nncgug@datafactory.io,+966 544843868,شارع التخصصي، القاهرة، 50907
786,شركة التقنية المتقدمة,847ornwl@example.com,+966 582628014,شارع التخصصي، القاهرة، 94506
787,شركة الرياض للتجارة,u2t91luw@datafactory.io,+966 502345579,شارع العليا، الإسكندرية، 15558
788,شركة الرياض للتجارة,987ndbwt@gmail.com,+966 587159533,شارع العليا، الدمام، 15785
789,مجموعة الفوزان,v03x8cwz@example.com,+966 516139431,شارع الملك عبد العزيز، دبي، 19869
790,شركة الرياض للتجارة,sc5dhut0@yahoo.com,+966 526611837,طريق الملك فهد، مكة المكرمة، 28491
791,مؤسسة الحلول الرقمية,714st21v@outlook.com,+966 578205273,شارع التخصصي، دبي، 14435
792,شركة التقنية المتقدمة,hvis4y9q@solix-agent.ai,+966 599164408,شارع التخصصي، جدة، 61154
793,مجموعة الفوزان,pktago8d@solix-agent.ai,+966 562697202,طريق الملك فهد، الرياض، 91388
794,شركة الرياض للتجارة,v7nekoco@outlook.com,+966 526774935,شارع جامعة الدول العربية، الرياض، 71368
795,شركة التقنية المتقدمة,7woy42qa@yahoo.com,+966 566436508,شارع العليا، مكة المكرمة، 65467
796,شركة التقنية المتقدمة,jhszs1be@outlook.com,+966 508832384,شارع الملك عبد العزيز، دبي، 21852
797,شركة التقنية المتقدمة,re7qx9t1@gmail.com,+966 512866719,طريق الملك فهد، الرياض، 88859
798,شركة التقنية المتقدمة,b073er7f@datafactory.io,+966 557450624,شارع جامعة الدول العربية، القاهرة، 76904
799,مجموعة الفوزان,d6oaj1kh@example.com,+966 514375792,شارع التخصصي، الدمام، 56816
800,شركة الرياض للتجارة,zy3hapis@datafactory.io,+966 508522630,شارع التخصصي، الرياض، 67819
801,شركة الرياض للتجارة,e5flxu1t@example.com,+966 557789012,شارع التخصصي، الدمام، 35081
802,مجموعة الفوزان,mrgp73xo@datafactory.io,+966 545992931,شارع التخصصي، مكة المكرمة، 76252
803,مجموعة الفوزان,uve10quf@gmail.com,+966 577144932,شارع الملك عبد العزيز، دبي، 62646
804,مؤسسة الحلول الرقمية,v8loesia@example.com,+966 546604917,شارع جامعة الدول العربية، الرياض، 73080
805,شركة التقنية المتقدمة,n5yhe4h5@gmail.com,+966 505592355,شارع الملك عبد العزيز، جدة، 11951
806,شركة الرياض للتجارة,41pxfb7o@outlook.com,+966 586604294,شارع جامعة الدول العربية، مكة المكرمة، 91753
807,شركة التقنية المتقدمة,87vid9be@datafactory.io,+966 551683718,شارع الملك عبد العزيز، الرياض، 79522
808,مؤسسة الحلول الرقمية,jiqd68q7@datafactory.io,+966 536796440,شارع جامعة الدول العربية، الدمام، 36036
809,شركة التقنية المتقدمة,jc8hr41r@outlook.com,+966 511848647,شارع الملك عبد العزيز، الدمام، 25706
810,شركة التقنية المتقدمة,769v2zo8@datafactory.io,+966 552431368,شارع العليا، دبي، 94202
811,مجموعة الفوزان,1n81eskn@outlook.com,+966 599299487,شارع جامعة الدول العربية، مكة المكرمة، 52078
812,شركة الرياض للتجارة,ze9xnd5o@solix-agent.ai,+966 509082773,شارع الملك عبد العزيز، الرياض، 42411
813,شركة التقنية المتقدمة,gnhk5qc8@gmail.com,+966 536217958,شارع التخصصي، دبي، 28238
814,شركة الرياض للتجارة,luq2dzwa@yahoo.com,+966 581905319,شارع العليا، جدة، 70311
815,مجموعة الفوزان,kulvekbm@yahoo.com,+966 568334126,شارع جامعة الدول العربية، دبي، 63841
816,مؤسسة الحلول الرقمية,1f42ou54@outlook.com,+966 594646600,شارع الملك عبد العزيز، الرياض، 96126
817,شركة التقنية المتقدمة,0fmpiv1g@yahoo.com,+966 582919827,طريق الملك فهد، الرياض، 34070
818,مجموعة الفوزان,g03r86ki@example.com,+966 585090268,شارع الملك عبد العزيز، جدة، 42215
819,شركة الرياض للتجارة,fh3tj2bu@outlook.com,+966 511282398,شارع جامعة الدول العربية، الإسكندرية، 62629
820,مؤسسة الحلول الرقمية,ew9ww4fg@datafactory.io,+966 544608292,شارع العليا، الدمام، 23042
821,مجموعة الفوزان,ojyfe9yx@datafactory.io,+966 589873852,شارع الملك عبد العزيز، القاهرة، 52638
822,مجموعة الفوزان,glbhs8h8@yahoo.com,+966 552169152,طريق الملك فهد، دبي، 73893
823,مؤسسة الحلول الرقمية,uo9z6umj@gmail.com,+966 551568867,شارع العليا، مكة المكرمة، 92258
824,شركة التقنية المتقدمة,mvx0sfyu@solix-agent.ai,+966 524438489,شارع التخصصي، جدة، 88396
825,مجموعة الفوزان,ujyquilo@solix-agent.ai,+966 542838431,شارع الملك عبد العزيز، الرياض، 84466
826,مؤسسة الحلول الرقمية,ud0t2shs@example.com,+966 543769128,شارع الملك عبد العزيز، الرياض، 53156
827,شركة الرياض للتجارة,trfnvs24@outlook.com,+966 584014547,شارع جامعة الدول العربية، الإسكندرية، 13042
828,مجموعة الفوزان,k8irx74o@datafactory.io,+966 529217561,شارع الملك عبد العزيز، الإسكندرية، 74579
829,شركة التقنية المتقدمة,97dqhhkj@datafactory.io,+966 585361132,طريق الملك فهد، دبي، 30426
830,شركة التقنية المتقدمة,kyfbprje@yahoo.com,+966 586423662,شارع الملك عبد العزيز، القاهرة، 18838
831,مجموعة الفوزان,zrelxmhm@outlook.com,+966 542970270,شارع العليا، القاهرة، 32213
832,شركة الرياض للتجارة,x8ygzki9@gmail.com,+966 548902642,شارع التخصصي، مكة المكرمة، 61860
833,شركة التقنية المتقدمة,3ijfkzi8@solix-agent.ai,+966 597551999,شارع العليا، الرياض، 84495
834,شركة التقنية المتقدمة,gfqrtoe1@datafactory.io,+966 587394785,شارع الملك عبد العزيز، دبي، 78823
835,مجموعة الفوزان,zzy6ec0u@outlook.com,+966 519470024,شارع جامعة الدول العربية، الرياض، 51512
836,مؤسسة الحلول الرقمية,0k6nmzc1@gmail.com,+966 558384335,شارع العليا، جدة، 99135
837,مجموعة الفوزان,2ipi7s56@yahoo.com,+966 569995139,شارع جامعة الدول العربية، مكة المكرمة، 71343
838,مجموعة الفوزان,84u0hpyr@solix-agent.ai,+966 531470376,شارع العليا، جدة، 19987
839,مجموعة الفوزان,wjyngtn6@gmail.com,+966 582913751,شارع التخصصي، القاهرة، 86664
840,شركة التقنية المتقدمة,yl9ytntt@yahoo.com,+966 524904536,شارع العليا، الإسكندرية، 11696
841,شركة التقنية المتقدمة,ig9kgxl9@yahoo.com,+966 595548923,شارع التخصصي، الدمام، 22702
842,شركة التقنية المتقدمة,1ir43h47@example.com,+966 589222466,طريق الملك فهد، الرياض، 86594
843,مجموعة الفوزان,njj9flz1@gmail.com,+966 513386143,شارع التخصصي، جدة، 49233
844,شركة التقنية المتقدمة,cf5p59bc@datafactory.io,+966 589879846,شارع التخصصي، الإسكندرية، 57415
845,مجموعة الفوزان,mj8xenqu@example.com,+966 516702759,طريق الملك فهد، دبي، 71568
846,شركة الرياض للتجارة,qk2xcb25@outlook.com,+966 527911032,شارع التخصصي، دبي، 68147
847,شركة الرياض للتجارة,em8qnkem@outlook.com,+966 552588678,طريق الملك فهد، القاهرة، 37468
848,مجموعة الفوزان,82v1abw8@gmail.com,+966 563655404,شارع التخصصي، الدمام، 57399
849,شركة التقنية المتقدمة,ao2a6l9e@outlook.com,+966 598695099,طريق الملك فهد، دبي، 15842
850,شركة الرياض للتجارة,6z6ty84t@example.com,+966 568092967,طريق الملك فهد، دبي، 72846
851,مؤسسة الحلول الرقمية,jp48hiul@outlook.com,+966 504017611,طريق الملك فهد، الإسكندرية، 52585
852,شركة التقنية المتقدمة,zg4pioot@gmail.com,+966 554147030,شارع التخصصي، دبي، 64226
853,شركة الرياض للتجارة,7weqy4k9@datafactory.io,+966 556007538,طريق الملك فهد، دبي، 25967
854,مجموعة الفوزان,brfftogp@gmail.com,+966 532224316,شارع جامعة الدول العربية، الإسكندرية، 68033
855,شركة الرياض للتجارة,ikibhd2t@datafactory.io,+966 537650341,شارع العليا، القاهرة، 97227
856,شركة الرياض للتجارة,9ofknhkh@gmail.com,+966 589791671,شارع التخصصي، مكة المكرمة، 31068
857,شركة التقنية المتقدمة,zxe9gyv3@gmail.com,+966 546011451,شارع التخصصي، القاهرة، 22135
858,مؤسسة الحلول الرقمية,e010e3dg@example.com,+966 571847358,طريق الملك فهد، الدمام، 21682
859,شركة الرياض للتجارة,zjaune22@outlook.com,+966 535546943,شارع جامعة الدول العربية، جدة، 74794
860,شركة الرياض للتجارة,hcv0qgb0@example.com,+966 544838608,شارع جامعة الدول العربية، الرياض، 38284
861,شركة التقنية المتقدمة,krkdorf8@solix-agent.ai,+966 577232341,شارع جامعة الدول العربية، الرياض، 29837
862,شركة التقنية المتقدمة,503apshm@solix-agent.ai,+966 537679536,شارع الملك عبد العزيز، القاهرة، 61898
863,مؤسسة الحلول الرقمية,00ya56c5@outlook.com,+966 557860101,شارع التخصصي، مكة المكرمة، 36180
864,مؤسسة الحلول الرقمية,faoso13g@solix-agent.ai,+966 515908662,طريق الملك فهد، الإسكندرية، 66877
865,شركة الرياض للتجارة,oycydza4@outlook.com,+966 507842046,شارع جامعة الدول العربية، الدمام، 14598
866,شركة التقنية المتقدمة,yfty7e71@gmail.com,+966 588039516,شارع التخصصي، القاهرة، 61283
867,مؤسسة الحلول الرقمية,yd8fk7v0@outlook.com,+966 592426363,شارع العليا، مكة المكرمة، 99186
868,مجموعة الفوزان,1wd6rj5n@yahoo.com,+966 588624295,شارع جامعة الدول العربية، القاهرة، 82063
869,مؤسسة الحلول الرقمية,ybt1rmn6@datafactory.io,+966 535555716,شارع الملك عبد العزيز، القاهرة، 63371
870,شركة الرياض للتجارة,qam7cmib@example.com,+966 535186612,شارع الملك عبد العزيز، مكة المكرمة، 17049
871,شركة الرياض للتجارة,huzbpcg6@example.com,+966 556970786,شارع التخصصي، الرياض، 72826
872,شركة التقنية المتقدمة,oe5agazl@solix-agent.ai,+966 546594080,شارع جامعة الدول العربية، الرياض، 40255
873,شركة التقنية المتقدمة,a90ztbjc@gmail.com,+966 551690178,شارع الملك عبد العزيز، الرياض، 73118
874,مجموعة الفوزان,cvy7u96d@solix-agent.ai,+966 538352783,شارع جامعة الدول العربية، الدمام، 35487
875,مجموعة الفوزان,kbloz360@outlook.com,+966 504610948,شارع التخصصي، الإسكندرية، 16772
876,شركة الرياض للتجارة,4q6ghn8c@example.com,+966 598999690,شارع جامعة الدول العربية، دبي، 27826
877,شركة التقنية المتقدمة,3hzhjnqh@example.com,+966 508746337,شارع الملك عبد العزيز، الرياض، 71220
878,مجموعة الفوزان,hzvhbjjm@solix-agent.ai,+966 506869199,شارع الملك عبد العزيز، الإسكندرية، 15579
879,شركة الرياض للتجارة,n3kygeq3@datafactory.io,+966 583165517,شارع جامعة الدول العربية، الرياض، 84209
880,شركة التقنية المتقدمة,5h8mw1oj@datafactory.io,+966 581309768,شارع جامعة الدول العربية، دبي، 21349
881,مجموعة الفوزان,xxo3s2nq@example.com,+966 559653052,طريق الملك فهد، دبي، 35011
882,شركة التقنية المتقدمة,r8acitrj@gmail.com,+966 526119655,شارع الملك عبد العزيز، القاهرة، 37142
883,شركة التقنية المتقدمة,joks92ve@example.com,+966 516832962,شارع الملك عبد العزيز، القاهرة، 98431
884,شركة الرياض للتجارة,htwyzrtn@gmail.com,+966 524108218,شارع الملك عبد العزيز، الرياض، 60395
885,مؤسسة الحلول الرقمية,wyjrdcos@solix-agent.ai,+966 517613525,شارع التخصصي، الإسكندرية، 33600
886,مجموعة الفوزان,3szbjh7l@outlook.com,+966 507613288,شارع الملك عبد العزيز، الرياض، 67723
887,شركة التقنية المتقدمة,psgqg089@gmail.com,+966 527022053,طريق الملك فهد، الإسكندرية، 71249
888,شركة التقنية المتقدمة,lf6s8hjg@datafactory.io,+966 504003035,شارع جامعة الدول العربية، جدة، 33576
889,مؤسسة الحلول الرقمية,w28f7wdb@example.com,+966 571690017,طريق الملك فهد، الدمام، 20504
890,شركة الرياض للتجارة,ux8ehfs6@outlook.com,+966 524967613,شارع العليا، القاهرة، 39312
891,شركة التقنية المتقدمة,hg96y536@datafactory.io,+966 546760956,شارع الملك عبد العزيز، جدة، 18996
892,شركة التقنية المتقدمة,jxtv24u2@solix-agent.ai,+966 535732308,شارع العليا، الدمام، 52339
893,مجموعة الفوزان,mskf08do@datafactory.io,+966 567443522,شارع الملك عبد العزيز، جدة، 43422
894,شركة التقنية المتقدمة,jh582daj@outlook.com,+966 559719508,طريق الملك فهد، جدة، 70633
895,مجموعة الفوزان,red6uzl9@solix-agent.ai,+966 599667973,شارع جامعة الدول العربية، دبي، 71187
896,شركة التقنية المتقدمة,k83my13i@example.com,+966 553743243,طريق الملك فهد، دبي، 17237
897,مجموعة الفوزان,nyx1iz8o@yahoo.com,+966 561333460,شارع العليا، الدمام، 69769
898,مجموعة الفوزان,7zeyibqq@gmail.com,+966 513126867,شارع جامعة الدول العربية، الرياض، 39446
899,مجموعة الفوزان,p5x6ung3@gmail.com,+966 581459736,طريق الملك فهد، الدمام، 84928
900,شركة الرياض للتجارة,4ru94mms@outlook.com,+966 541306902,شارع العليا، مكة المكرمة، 87878
901,شركة التقنية المتقدمة,xcpu3zwt@datafactory.io,+966 533730449,شارع الملك عبد العزيز، مكة المكرمة، 12055
902,شركة التقنية المتقدمة,t2wrfbl3@example.com,+966 528217315,شارع التخصصي، الإسكندرية، 39421
903,مؤسسة الحلول الرقمية,hvnp8xgu@datafactory.io,+966 555035045,شارع جامعة الدول العربية، دبي، 89545
904,شركة التقنية المتقدمة,rocdy6xm@solix-agent.ai,+966 579539362,شارع التخصصي، مكة المكرمة، 95152
905,مؤسسة الحلول الرقمية,sfzurnof@gmail.com,+966 596761215,شارع التخصصي، الدمام، 92603
906,مؤسسة الحلول الرقمية,y4qedew8@example.com,+966 517233013,شارع الملك عبد العزيز، مكة المكرمة، 75425
907,شركة الرياض للتجارة,0sd18md2@datafactory.io,+966 595343049,شارع العليا، جدة، 96350
908,مؤسسة الحلول الرقمية,zov0an2o@datafactory.io,+966 524844953,شارع التخصصي، القاهرة، 31111
909,شركة التقنية المتقدمة,ge0f5dp3@solix-agent.ai,+966 581494120,طريق الملك فهد، جدة، 23881
910,شركة الرياض للتجارة,hkt6x28g@outlook.com,+966 528478986,شارع جامعة الدول العربية، الدمام، 34957
911,مجموعة الفوزان,vto6kjau@outlook.com,+966 556681235,شارع التخصصي، الدمام، 83572
912,مجموعة الفوزان,7t31tw1f@datafactory.io,+966 523318608,شارع جامعة الدول العربية، القاهرة، 96514
913,مجموعة الفوزان,a54qpqkr@yahoo.com,+966 564183181,شارع جامعة الدول العربية، جدة، 26435
914,مؤسسة الحلول الرقمية,4pmxdpii@outlook.com,+966 522009948,شارع جامعة الدول العربية، دبي، 91875
915,مجموعة الفوزان,04yq5jw9@datafactory.io,+966 596249416,طريق الملك فهد، الدمام، 88794
916,مجموعة الفوزان,pgre8j4u@solix-agent.ai,+966 542330718,شارع الملك عبد العزيز، دبي، 23800
917,مجموعة الفوزان,27o261j6@datafactory.io,+966 567615888,شارع التخصصي، مكة المكرمة، 50599
918,مجموعة الفوزان,376hptus@datafactory.io,+966 596769643,شارع التخصصي، جدة، 82790
919,مجموعة الفوزان,t5b0gpql@example.com,+966 551204381,شارع جامعة الدول العربية، الرياض، 10782
920,مجموعة الفوزان,byod9uby@yahoo.com,+966 514154258,شارع جامعة الدول العربية، الإسكندرية، 79446
921,شركة التقنية المتقدمة,tcuebcfb@outlook.com,+966 598766225,شارع الملك عبد العزيز، دبي، 71063
922,شركة الرياض للتجارة,8fi36913@outlook.com,+966 519620663,شارع التخصصي، الدمام، 43793
923,شركة التقنية المتقدمة,dldxtj0d@outlook.com,+966 572672720,طريق الملك فهد، القاهرة، 56575
924,مؤسسة الحلول الرقمية,ernamaoo@gmail.com,+966 511956310,طريق الملك فهد، القاهرة، 23121
925,شركة الرياض للتجارة,xmn4yt0h@outlook.com,+966 543918836,شارع جامعة الدول العربية، الإسكندرية، 46077
926,مؤسسة الحلول الرقمية,hdwfe1qe@gmail.com,+966 575287081,شارع العليا، مكة المكرمة، 90227
927,مجموعة الفوزان,bn9cpkag@datafactory.io,+966 546215235,شارع الملك عبد العزيز، مكة المكرمة، 86869
928,شركة التقنية المتقدمة,65gyn0xc@outlook.com,+966 523717080,شارع الملك عبد العزيز، الدمام، 96155
929,شركة التقنية المتقدمة,q3laakc3@gmail.com,+966 515549158,طريق الملك فهد، مكة المكرمة، 39493
930,مؤسسة الحلول الرقمية,5ati08lt@datafactory.io,+966 595712430,شارع التخصصي، القاهرة، 18495
931,مؤسسة الحلول الرقمية,hybjqlab@datafactory.io,+966 573517035,شارع جامعة الدول العربية، دبي، 18990
932,مؤسسة الحلول الرقمية,gznl4f8p@example.com,+966 566390481,شارع جامعة الدول العربية، الإسكندرية، 14831
933,مجموعة الفوزان,4vfoos3h@gmail.com,+966 536093032,شارع العليا، الدمام، 19072
934,مجموعة الفوزان,tn03fadu@solix-agent.ai,+966 548393483,شارع التخصصي، جدة، 66758
935,شركة التقنية المتقدمة,2x2zamce@yahoo.com,+966 559702457,طريق الملك فهد، مكة المكرمة، 83140
936,شركة التقنية المتقدمة,vcnv9sv0@example.com,+966 599192111,شارع الملك عبد العزيز، دبي، 39765
937,مجموعة الفوزان,g5jp1vdl@datafactory.io,+966 538787248,شارع العليا، جدة، 86083
938,مؤسسة الحلول الرقمية,0qphxwr2@datafactory.io,+966 581203171,شارع الملك عبد العزيز، الدمام، 45433
939,مجموعة الفوزان,9no7ilo6@datafactory.io,+966 534052585,شارع العليا، الدمام، 41812
940,شركة الرياض للتجارة,87zs4da2@yahoo.com,+966 565896403,شارع التخصصي، الرياض، 13575
941,شركة التقنية المتقدمة,lnsq2us8@datafactory.io,+966 527639025,شارع التخصصي، الرياض، 51480
942,مجموعة الفوزان,8voc247s@example.com,+966 559662108,شارع جامعة الدول العربية، الدمام، 45504
943,شركة التقنية المتقدمة,7b87matw@example.com,+966 559467363,شارع العليا، الإسكندرية، 67985
944,شركة الرياض للتجارة,mvrp45nt@yahoo.com,+966 599977267,شارع جامعة الدول العربية، دبي، 47243
945,شركة الرياض للتجارة,gjhswybg@solix-agent.ai,+966 539247422,شارع العليا، الدمام، 33232
946,مجموعة الفوزان,6ax713v9@yahoo.com,+966 504018768,شارع التخصصي، القاهرة، 44114
947,مجموعة الفوزان,qbxesmjy@yahoo.com,+966 549372738,شارع الملك عبد العزيز، الدمام، 27398
948,شركة التقنية المتقدمة,0s4nmg47@solix-agent.ai,+966 556834317,شارع جامعة الدول العربية، دبي، 99385
949,شركة الرياض للتجارة,e7zc8t1j@solix-agent.ai,+966 575344921,شارع الملك عبد العزيز، دبي، 48595
950,شركة الرياض للتجارة,e02sel9z@yahoo.com,+966 524666725,طريق الملك فهد، الإسكندرية، 21633
951,شركة الرياض للتجارة,h3xwa0xz@yahoo.com,+966 558253796,شارع الملك عبد العزيز، مكة المكرمة، 78595
952,شركة الرياض للتجارة,ys0akyxq@datafactory.io,+966 551704211,شارع الملك عبد العزيز، الإسكندرية، 80890
953,مؤسسة الحلول الرقمية,09d0gnf3@example.com,+966 532925386,شارع العليا، القاهرة، 14105
954,شركة الرياض للتجارة,q6q90mme@yahoo.com,+966 535853000,شارع الملك عبد العزيز، الدمام، 10542
955,مجموعة الفوزان,j2nursum@outlook.com,+966 553849136,شارع الملك عبد العزيز، جدة، 23322
956,شركة الرياض للتجارة,8wmu9itc@yahoo.com,+966 515294111,طريق الملك فهد، القاهرة، 87307
957,مؤسسة الحلول الرقمية,rj6pjf0y@datafactory.io,+966 517399765,شارع الملك عبد العزيز، الدمام، 45436
958,مجموعة الفوزان,y9kv7yvk@yahoo.com,+966 553098865,طريق الملك فهد، القاهرة، 97819
959,مجموعة الفوزان,691tpnxd@example.com,+966 596009980,شارع الملك عبد العزيز، الدمام، 50475
960,مجموعة الفوزان,186ph0w8@datafactory.io,+966 589281325,طريق الملك فهد، دبي، 31756
961,مجموعة الفوزان,v508tadl@gmail.com,+966 569043839,شارع جامعة الدول العربية، دبي، 56094
962,مجموعة الفوزان,f6f35f75@datafactory.io,+966 564874469,شارع جامعة الدول العربية، القاهرة، 60483
963,شركة الرياض للتجارة,44j4e3uq@example.com,+966 578527936,شارع العليا، الدمام، 77034
964,شركة التقنية المتقدمة,xvhuap4w@solix-agent.ai,+966 593611097,شارع العليا، الرياض، 95324
965,شركة الرياض للتجارة,3ajm93a8@gmail.com,+966 502168185,شارع جامعة الدول العربية، القاهرة، 44767
966,مؤسسة الحلول الرقمية,zzxgy48f@example.com,+966 526501363,شارع العليا، مكة المكرمة، 94284
967,مؤسسة الحلول الرقمية,wm5ubbqk@datafactory.io,+966 589667201,شارع التخصصي، دبي، 10730
968,مجموعة الفوزان,1u6lbzlw@datafactory.io,+966 549675903,شارع التخصصي، مكة المكرمة، 35557
969,شركة التقنية المتقدمة,6zb1jb1k@solix-agent.ai,+966 539726647,شارع التخصصي، الدمام، 25191
970,شركة التقنية المتقدمة,m41rkugp@example.com,+966 552969089,طريق الملك فهد، القاهرة، 61751
971,شركة الرياض للتجارة,aai7680l@datafactory.io,+966 581414952,شارع الملك عبد العزيز، مكة المكرمة، 86855
972,مجموعة الفوزان,rohn8x4y@gmail.com,+966 582136640,شارع جامعة الدول العربية، جدة، 29242
973,شركة الرياض للتجارة,asmyfql3@gmail.com,+966 537676670,شارع الملك عبد العزيز، مكة المكرمة، 55102
974,شركة التقنية المتقدمة,gark9vhr@gmail.com,+966 538645498,شارع التخصصي، القاهرة، 28222
975,مجموعة الفوزان,ri2z3ccf@outlook.com,+966 523832462,شارع جامعة الدول العربية، الإسكندرية، 72661
976,مؤسسة الحلول الرقمية,pmjlp8rq@solix-agent.ai,+966 582058030,شارع العليا، الدمام، 61656
977,مجموعة الفوزان,cndj10kx@example.com,+966 533119717,طريق الملك فهد، دبي، 55700
978,مجموعة الفوزان,8uqkmi03@outlook.com,+966 512504730,شارع التخصصي، مكة المكرمة، 62843
979,مجموعة الفوزان,0xn14c4f@outlook.com,+966 538953617,شارع العليا، دبي، 87163
980,شركة التقنية المتقدمة,7k69j6fa@datafactory.io,+966 521179646,شارع الملك عبد العزيز، دبي، 36785
981,شركة الرياض للتجارة,cldox8v9@gmail.com,+966 503622182,شارع جامعة الدول العربية، دبي، 19836
982,شركة الرياض للتجارة,lqmur8w1@example.com,+966 598544804,شارع الملك عبد العزيز، الدمام، 20847
983,مجموعة الفوزان,gha8dnw9@datafactory.io,+966 505096979,طريق الملك فهد، جدة، 91469
984,مجموعة الفوزان,maj1f6fy@solix-agent.ai,+966 523300529,شارع التخصصي، مكة المكرمة، 61501
985,مؤسسة الحلول الرقمية,jjks8yjl@datafactory.io,+966 523208111,شارع الملك عبد العزيز، الإسكندرية، 54602
986,مؤسسة الحلول الرقمية,oe5ai67h@solix-agent.ai,+966 584054019,شارع الملك عبد العزيز، الإسكندرية، 85192
987,شركة الرياض للتجارة,k9cu1lmd@example.com,+966 553490149,شارع جامعة الدول العربية، الدمام، 43770
988,شركة التقنية المتقدمة,cpwigza2@example.com,+966 515150197,شارع التخصصي، الدمام، 42817
989,شركة التقنية المتقدمة,3e12m500@solix-agent.ai,+966 517313456,شارع العليا، الدمام، 50927
990,مؤسسة الحلول الرقمية,ydy9c64t@solix-agent.ai,+966 532023030,شارع الملك عبد العزيز، دبي، 28647
991,مؤسسة الحلول الرقمية,h3k5s0yq@solix-agent.ai,+966 547733625,شارع التخصصي، دبي، 26570
992,مجموعة الفوزان,kqior1fy@outlook.com,+966 502398877,شارع جامعة الدول العربية، الرياض، 48849
993,شركة التقنية المتقدمة,4g3ve8lo@gmail.com,+966 584267924,شارع العليا، دبي، 75522
994,مؤسسة الحلول الرقمية,6hbmtyir@yahoo.com,+966 572147481,شارع التخصصي، دبي، 82549
995,مجموعة الفوزان,1br3h97u@solix-agent.ai,+966 539089850,شارع جامعة الدول العربية، جدة، 47065
996,مؤسسة الحلول الرقمية,g8xts06n@datafactory.io,+966 501309526,طريق الملك فهد، القاهرة، 31777
997,مؤسسة الحلول الرقمية,obf9amms@outlook.com,+966 527115365,شارع الملك عبد العزيز، الرياض، 33758
998,شركة التقنية المتقدمة,sgabd32b@example.com,+966 502046393,شارع الملك عبد العزيز، الإسكندرية، 78093
999,شركة التقنية المتقدمة,xv6rwcuu@outlook.com,+966 544148624,شارع العليا، القاهرة، 99185
1000,مؤسسة الحلول الرقمية,psdfd188@datafactory.io,+966 538662658,شارع الملك عبد العزيز، الدمام، 60281
